Rank,Player,Team,Percentage Owned,Fantasy Points,VORP,GP,Wins Remaining,Shots Against,Goals Against,Saves Remaining
1,Andrei Vasilevskiy,TBL,100.00,564.08,185.97,64.54,38.40,1730.39,185.04,1545.35
2,Arturs Silovs,PIT,15.00,511.48,133.36,64.12,33.70,1847.78,212.69,1635.08
3,Karel Vejmelka,UTA,97.00,502.53,124.42,64.54,33.28,1748.98,198.13,1550.85
4,Jeremy Swayman,BOS,98.00,490.46,112.34,63.77,30.05,1838.06,211.84,1626.22
5,Jake Oettinger,DAL,100.00,469.44,91.32,54.32,32.20,1444.29,155.03,1289.26
6,Dustin Wolf,CGY,41.00,468.78,90.67,62.06,21.97,1907.87,218.27,1689.60
7,Juuse Saros,NSH,85.00,455.45,77.33,57.47,26.36,1668.13,188.13,1480.00
8,Adin Hill,VGK,10.00,437.05,58.93,54.69,33.53,1426.00,162.84,1263.16
9,Jacob Markstrom,FLA,97.00,435.39,57.27,56.31,31.14,1515.24,174.84,1340.39
10,Lukas Dostal,ANA,74.00,434.71,56.60,58.67,27.72,1648.63,192.51,1456.12
11,Logan Thompson,WSH,100.00,433.92,55.80,51.53,26.33,1483.84,163.34,1320.50
12,Ilya Sorokin,NYI,100.00,427.20,49.09,53.11,22.40,1591.57,177.70,1413.87
13,Mackenzie Blackwood,COL,91.00,390.09,11.97,45.19,26.74,1212.22,130.82,1081.40
14,Darcy Kuemper,LAK,42.00,378.85,0.73,48.80,24.29,1369.24,156.71,1212.53
15,John Gibson,DET,53.00,378.12,0.00,52.70,24.92,1494.18,178.61,1315.57
16,Igor Shesterkin,NYR,99.00,377.72,-0.40,45.66,21.88,1293.22,141.00,1152.22
17,Cam Talbot,CBJ,1.00,374.62,-3.49,45.76,22.73,1327.95,148.84,1179.11
18,Joey Daccord,SEA,23.00,374.45,-3.67,50.95,20.59,1504.61,175.35,1329.26
19,Filip Gustavsson,MIN,32.00,359.77,-18.35,46.17,25.52,1209.92,137.16,1072.76
20,Jordan Binnington,STL,14.00,354.39,-23.72,45.64,22.47,1326.56,153.86,1172.70
21,Connor Hellebuyck,WPG,97.00,342.09,-36.03,43.32,20.55,1227.33,138.07,1089.26
22,Spencer Knight,CHI,77.00,340.07,-38.04,45.71,17.89,1399.47,163.62,1235.85
23,Tristan Jarry,EDM,34.00,334.51,-43.61,42.82,27.10,1142.17,135.08,1007.10
24,Ukko-Pekka Luukkonen,BUF,81.00,328.23,-49.89,42.18,20.97,1217.69,140.90,1076.79
25,Samuel Montembeault,MTL,4.00,323.23,-54.88,39.79,20.50,1132.10,127.37,1004.74
26,Jet Greaves,CBJ,78.00,322.44,-55.68,35.71,17.74,1036.16,107.76,928.39
27,Jake Allen,NJD,30.00,316.73,-61.39,40.13,21.76,1062.28,119.29,942.99
28,Joseph Woll,PHI,13.00,308.81,-69.31,37.42,18.02,1045.98,113.57,932.41
29,Scott Wedgewood,COL,99.00,304.57,-73.55,36.16,21.40,970.11,106.81,863.31
30,Pyotr Kochetkov,CAR,24.00,293.37,-84.74,39.76,22.92,981.81,113.97,867.84
31,Sergei Bobrovsky,TOR,93.00,292.32,-85.80,36.34,19.11,1062.06,122.35,939.71
32,Joel Hofer,STL,76.00,291.15,-86.97,36.01,17.73,1046.56,118.17,928.39
33,Stuart Skinner,WPG,16.00,290.69,-87.42,37.90,17.98,1073.75,123.18,950.57
34,Dan Vladar,PHI,63.00,287.06,-91.06,39.24,18.89,1096.79,129.30,967.49
35,Arvid Soderblom,CHI,50.00,273.76,-104.36,34.84,13.63,1066.68,120.67,946.01
36,David Rittich,NJD,1.00,272.56,-105.56,35.30,19.14,934.34,106.60,827.75
37,Frederik Andersen,EDM,21.00,266.95,-111.16,30.94,19.58,825.33,90.59,734.73
38,Alex Lyon,BUF,22.00,266.41,-111.71,33.62,16.72,970.74,111.01,859.74
39,Charlie Lindgren,WSH,1.00,265.22,-112.90,32.47,16.59,935.15,105.23,829.91
40,Anton Forsberg,LAK,10.00,261.10,-117.02,34.87,17.35,978.29,114.62,863.66
41,Kevin Lankinen,VAN,23.00,256.56,-121.56,38.39,13.60,1165.56,141.88,1023.68
42,Linus Ullmark,OTT,81.00,246.42,-131.70,35.06,17.18,951.59,114.01,837.58
43,Daniil Tarasov,DET,1.00,242.74,-135.38,31.30,14.80,887.61,101.07,786.54
44,Samuel Ersson,OTT,1.00,232.01,-146.10,31.22,15.30,847.59,98.07,749.52
45,Philipp Grubauer,SEA,3.00,232.01,-146.10,30.72,12.42,907.22,104.00,803.22
46,Casey DeSmith,DAL,6.00,227.56,-150.56,28.39,16.83,754.82,85.96,668.86
47,Joonas Korpisalo,NYR,1.00,227.02,-151.10,28.34,13.58,802.59,89.56,713.03
48,Alex Nedeljkovic,SJS,5.00,222.01,-156.10,31.52,14.14,893.27,106.85,786.42
49,Jakub Dobes,MTL,95.00,212.90,-165.22,27.29,14.06,776.30,89.77,686.53
50,Akira Schmid,FLA,7.00,212.79,-165.32,26.69,14.75,718.06,81.06,637.00
51,Brandon Bussi,CAR,96.00,212.26,-165.86,29.38,16.94,725.59,85.50,640.10
52,Elvis Merzlikins,TOR,1.00,207.39,-170.73,26.45,13.90,772.85,90.51,682.34
53,Justus Annunen,NSH,1.00,201.08,-177.03,26.35,12.09,764.78,88.39,676.38
54,Vitek Vanecek,NYI,50.00,178.20,-199.91,23.09,9.74,692.06,79.37,612.69
55,Carter Hart,VGK,84.00,177.88,-200.24,22.15,13.58,577.43,65.69,511.74
56,Anthony Stolarz,TOR,13.00,171.27,-206.85,19.20,10.10,561.18,59.98,501.20
57,Thatcher Demko,VAN,8.00,170.51,-207.60,23.11,8.19,701.63,80.95,620.69
58,Calvin Pickard,MIN,50.00,166.24,-211.88,21.10,11.66,552.90,62.17,490.73
59,Yaroslav Askarov,SJS,68.00,165.77,-212.35,22.58,10.13,639.89,74.67,565.22
60,Devin Cooley,CGY,2.00,159.05,-219.06,21.30,7.54,654.83,75.43,579.40
61,Jiri Patera,BOS,50.00,152.87,-225.24,19.23,9.06,554.34,62.51,491.82
62,Jaxson Stauber,UTA,50.00,144.27,-233.84,19.02,9.81,515.50,59.47,456.04
63,Ville Husso,ANA,1.00,137.14,-240.98,19.46,9.19,546.96,65.84,481.12
64,Dennis Hildeby,TBL,2.00,128.54,-249.58,15.62,9.29,418.71,46.99,371.72
65,Jesper Wallstedt,MIN,98.00,116.74,-261.37,16.73,9.25,438.50,53.50,385.00
66,Jonas Johansson,OTT,50.00,116.59,-261.52,17.72,8.68,481.00,59.84,421.15
67,Cayden Primeau,CAR,50.00,112.47,-265.64,13.86,7.99,342.39,36.92,305.47
68,Eric Comrie,SJS,50.00,107.02,-271.10,16.67,7.48,472.40,59.39,413.01
69,Joel Blomqvist,PIT,50.00,101.83,-276.29,12.96,6.81,373.54,43.43,330.11
70,Ilya Samsonov,SJS,50.00,94.20,-283.91,13.23,5.94,375.06,44.59,330.47
71,Leevi Merilainen,VAN,50.00,83.71,-294.41,11.88,4.21,360.65,42.70,317.95
72,Nico Daws,NJD,1.00,74.10,-304.02,8.57,4.65,226.80,23.67,203.13
73,Nikita Tolopilo,VAN,50.00,67.73,-310.39,9.61,3.41,291.80,34.55,257.25
74,Jacob Fowler,MTL,37.00,67.02,-311.09,8.59,4.42,244.39,28.26,216.13
75,Devon Levi,EDM,9.00,64.88,-313.24,7.97,5.04,212.50,24.40,188.10
76,Spencer Martin,NYR,50.00,62.08,-316.03,7.76,3.72,219.69,24.53,195.16
77,Semyon Varlamov,NYI,1.00,60.95,-317.17,7.80,3.29,233.59,26.57,207.02
78,Aleksei Kolosov,PHI,50.00,58.29,-319.82,7.33,3.53,204.99,22.88,182.11
79,Colten Ellis,BUF,2.00,57.81,-320.30,7.55,3.75,217.99,25.49,192.50
80,Kaapo Kahkonen,MTL,50.00,57.17,-320.95,7.33,3.77,208.45,24.10,184.35
81,Sergei Murashov,PIT,34.00,54.31,-323.81,6.91,3.63,199.22,23.16,176.06
82,Carl Lindbom,VGK,50.00,49.50,-328.62,6.16,3.78,160.68,18.28,142.40
83,Laurent Brossoit,ANA,50.00,39.67,-338.45,5.31,2.51,149.35,17.36,131.99
84,Trent Miner,COL,1.00,21.93,-356.19,2.65,1.57,71.11,7.94,63.17
85,Mads Sogaard,TBL,50.00,20.58,-357.53,3.13,1.87,84.05,10.88,73.17
86,Georgii Romanov,STL,50.00,19.30,-358.82,2.35,1.16,68.29,7.63,60.66
87,Drew Commesso,CHI,50.00,18.21,-359.91,2.45,0.96,74.93,8.76,66.17
88,Pheonix Copley,CBJ,50.00,14.33,-363.79,2.53,1.26,73.44,10.01,63.44
89,Nikke Kokko,SEA,50.00,13.84,-364.27,1.82,0.74,53.80,6.14,47.66
90,Clay Stevenson,WPG,1.00,13.03,-365.09,1.69,0.80,47.75,5.45,42.30
91,Brandon Halverson,DAL,50.00,10.76,-367.35,1.29,0.76,34.31,3.79,30.52
92,Matt Tomkins,EDM,50.00,10.43,-367.69,1.28,0.81,34.15,3.92,30.23
93,Dylan Garand,NYR,50.00,10.00,-368.12,1.24,0.59,35.15,3.91,31.24
94,Thomas Milic,WPG,50.00,8.45,-369.67,1.09,0.52,30.97,3.54,27.44
95,Artur Akhtyamov,TOR,50.00,8.38,-369.73,1.01,0.53,29.54,3.33,26.20
96,Olivier Rodrigue,TBL,50.00,5.86,-372.25,0.71,0.42,19.10,2.14,16.96
97,Matt Villalta,BUF,50.00,4.97,-373.15,0.65,0.32,18.73,2.19,16.54
98,Arsenii Sergeev,CGY,50.00,4.78,-373.33,0.64,0.23,19.69,2.27,17.43
99,Vyacheslav Buteyets,ANA,50.00,4.12,-374.00,0.55,0.26,15.52,1.80,13.71
100,Victor Ostman,SEA,50.00,3.82,-374.30,0.50,0.20,14.84,1.69,13.15
101,Sebastian Cossa,UTA,3.00,3.35,-374.77,0.44,0.23,11.97,1.38,10.59
102,Erik Portillo,LAK,50.00,2.61,-375.51,0.33,0.16,9.18,1.03,8.15
103,Matt Murray,NSH,50.00,1.36,-376.76,0.18,0.08,5.26,0.62,4.65