Rank,Player,Team,Position,Percentage Owned,Fantasy Points,VORP,GP,Goals,Assists,Points,PP Goals,PP Assists,PP Points,PK Goals,PK Assists,PK Points,SOG,+/-,Blocks,Hits,Luck
1,Connor McDavid,EDM,F,100.00,1050.56,369.28,83.00,46.95,87.97,134.92,13.67,34.56,48.22,0.59,0.34,0.93,281.86,19.28,36.68,60.36,3.11
2,Auston Matthews,TOR,F,100.00,1004.59,323.31,83.00,50.18,53.66,103.84,12.28,17.63,29.91,1.01,0.38,1.39,332.77,1.40,95.82,67.44,0.71
3,Nathan MacKinnon,COL,F,100.00,923.82,242.54,84.00,42.41,66.28,108.68,10.02,20.74,30.76,0.03,0.00,0.02,293.53,20.41,46.28,64.60,0.00
4,Leon Draisaitl,EDM,F,100.00,905.99,224.71,83.00,46.40,64.36,110.76,19.14,24.37,43.51,0.19,0.24,0.43,254.32,12.29,28.66,51.11,0.85
5,Nikita Kucherov,TBL,F,100.00,866.35,185.07,84.00,40.96,63.71,104.67,11.84,26.36,38.20,0.08,0.00,0.07,259.23,13.44,33.97,44.14,0.00
6,Zach Hyman,EDM,F,92.00,850.23,168.95,83.00,46.77,48.01,94.77,13.46,16.56,30.02,0.00,0.10,0.10,256.45,19.07,44.24,85.02,3.17
7,Jason Robertson,DAL,F,100.00,847.30,166.02,84.00,43.20,51.39,94.59,14.08,21.01,35.09,0.00,0.00,0.00,267.42,9.09,42.27,58.85,0.00
8,Evan Bouchard,EDM,D,100.00,839.88,340.06,83.00,23.95,66.92,90.86,8.54,30.01,38.55,0.13,0.83,0.96,247.50,18.04,107.51,42.34,3.10
9,Kirill Kaprizov,MIN,F,100.00,819.33,138.05,84.00,40.52,51.38,91.90,13.64,16.53,30.17,0.00,0.00,0.00,266.19,8.18,39.69,62.16,0.00
10,Filip Forsberg,NSH,F,97.00,818.92,137.64,84.00,37.33,43.32,80.66,11.33,17.51,28.84,0.00,0.00,0.00,279.13,1.02,44.88,135.71,0.00
11,Jack Hughes,NJD,F,100.00,801.30,120.02,84.00,35.97,57.51,93.48,8.85,23.72,32.57,0.66,0.54,1.20,266.76,6.05,43.70,13.01,0.00
12,Timo Meier,NJD,F,90.00,786.28,105.00,84.00,33.81,36.17,69.99,10.84,12.72,23.57,0.00,0.06,0.06,277.72,3.92,69.78,143.69,0.00
13,Wyatt Johnston,DAL,F,100.00,779.97,98.69,84.00,39.31,48.96,88.27,15.42,19.57,35.00,0.86,0.27,1.13,215.06,4.99,54.98,59.44,0.00
14,Sam Reinhart,FLA,F,99.00,778.36,97.09,83.00,36.61,47.66,84.27,14.27,17.23,31.51,2.11,0.55,2.66,223.24,4.08,61.13,86.03,0.74
15,Macklin Celebrini,SJS,F,100.00,777.81,96.53,84.00,36.89,51.19,88.08,8.68,15.62,24.30,0.08,0.11,0.19,244.60,0.00,54.82,56.27,0.00
16,Martin Necas,COL,F,100.00,773.39,92.11,84.00,33.08,59.88,92.96,9.63,16.58,26.21,0.00,0.00,0.00,222.59,12.30,35.85,93.61,0.00
17,Kirill Marchenko,TOR,F,96.00,771.95,90.67,83.00,33.86,54.00,87.85,9.77,21.32,31.08,0.07,0.00,0.06,236.80,2.08,41.65,71.78,1.39
18,Zach Werenski,CBJ,D,100.00,769.09,269.28,84.00,22.81,49.74,72.54,4.91,16.65,21.56,0.29,1.22,1.52,280.63,10.82,118.08,39.10,0.00
19,Jack Eichel,VGK,F,100.00,768.43,87.15,83.00,34.32,52.22,86.53,9.09,21.87,30.97,1.28,0.83,2.11,239.80,14.20,54.63,42.55,5.24
20,Tage Thompson,BUF,F,100.00,767.29,86.01,84.00,38.55,41.30,79.85,9.15,15.94,25.09,0.12,0.20,0.32,253.40,2.04,46.43,92.25,0.00
21,Brandon Hagel,TBL,F,99.00,766.11,84.83,84.00,37.62,50.16,87.78,7.58,14.71,22.29,2.05,0.91,2.95,238.12,15.39,53.69,54.35,0.00
22,Mikko Rantanen,DAL,F,100.00,765.64,84.37,84.00,33.10,57.42,90.51,12.42,25.87,38.29,0.00,0.02,0.02,199.11,6.91,50.69,61.86,0.00
23,Mitch Marner,VGK,F,99.00,764.18,82.90,83.00,32.64,61.58,94.21,10.19,26.97,37.16,1.00,1.11,2.12,204.10,10.16,45.10,37.88,0.68
24,Jake Guentzel,TBL,F,99.00,763.35,82.07,84.00,35.58,51.83,87.41,11.61,19.96,31.58,0.69,0.33,1.02,218.49,8.42,58.39,48.70,0.00
25,Matthew Tkachuk,FLA,F,99.00,762.74,81.46,83.00,31.93,51.98,83.91,11.37,22.33,33.71,0.33,0.16,0.48,235.67,5.70,28.52,110.42,0.76
26,Aleksander Barkov,FLA,F,97.00,758.96,77.69,83.00,29.12,53.55,82.67,12.58,30.95,43.53,1.04,1.23,2.28,198.49,9.97,58.16,92.37,0.74
27,Alex DeBrincat,DET,F,99.00,758.63,77.35,84.00,37.66,42.62,80.28,14.42,16.82,31.23,0.00,0.00,0.00,261.35,1.67,40.81,47.42,0.00
28,Matt Boldy,MIN,F,100.00,751.49,70.21,84.00,33.76,42.82,76.58,10.21,17.58,27.79,0.59,0.00,0.51,254.02,4.09,61.10,64.70,0.00
29,Sidney Crosby,PIT,F,98.00,746.21,64.93,84.00,32.35,53.96,86.31,11.28,16.90,28.18,0.00,0.04,0.04,220.09,2.78,39.47,84.75,0.00
30,Dylan Holloway,STL,F,91.00,745.86,64.58,84.00,30.42,43.30,73.72,6.95,11.73,18.68,0.12,0.13,0.26,213.03,7.61,65.79,190.52,0.00
31,Rickard Rakell,PIT,F,82.00,745.24,63.97,84.00,32.96,41.03,73.98,11.14,15.06,26.20,0.24,0.14,0.38,225.71,1.73,74.23,107.25,0.00
32,Bryan Rust,PIT,F,77.00,743.83,62.55,82.00,35.12,43.21,78.32,10.38,17.27,27.65,1.16,0.54,1.69,236.75,0.00,67.96,47.96,0.00
33,Moritz Seider,DET,D,99.00,733.08,233.26,84.00,12.66,47.62,60.28,5.80,24.82,30.61,0.08,1.63,1.71,184.14,5.78,163.65,152.08,0.00
34,Sam Bennett,FLA,F,76.00,729.63,48.35,83.00,30.34,41.86,72.20,8.68,16.16,24.84,0.25,0.47,0.73,229.27,2.99,50.07,148.09,0.82
35,Cale Makar,COL,D,100.00,729.19,229.37,82.00,22.66,49.00,71.66,7.25,19.81,27.06,0.62,1.58,2.20,221.82,10.75,120.22,46.52,0.00
36,Dylan Larkin,DET,F,85.00,728.34,47.06,84.00,32.79,46.03,78.82,14.09,17.08,31.17,1.07,0.20,1.27,234.86,0.00,44.18,59.15,0.00
37,Kyle Connor,WPG,F,99.00,723.80,42.52,84.00,36.01,46.16,82.18,8.09,16.28,24.37,1.02,0.44,1.46,243.69,0.00,35.11,39.80,0.00
38,Artemi Panarin,LAK,F,98.00,719.34,38.06,84.00,34.96,50.28,85.24,9.84,19.37,29.21,0.02,0.01,0.03,243.42,8.03,21.03,19.87,0.00
39,Roman Josi,NSH,D,98.00,711.66,211.84,84.00,16.57,52.13,68.70,5.44,23.14,28.57,0.42,0.64,1.06,214.55,0.00,129.79,47.39,0.00
40,Quinn Hughes,MIN,D,100.00,708.76,208.94,84.00,16.50,61.82,78.32,4.74,25.21,29.94,0.00,0.39,0.39,221.79,10.62,93.37,19.21,0.00
41,David Pastrnak,BOS,F,100.00,705.41,24.13,83.00,31.10,47.23,78.34,8.40,15.18,23.58,0.00,0.03,0.03,227.74,0.00,34.68,86.08,1.37
42,Vincent Trocheck,UTA,F,48.00,698.21,16.94,84.00,23.27,41.32,64.58,7.59,14.00,21.59,1.20,1.00,2.21,177.83,0.00,74.75,230.72,0.00
43,Mark Scheifele,WPG,F,99.00,697.96,16.68,84.00,31.89,54.84,86.73,8.36,15.89,24.25,0.22,0.15,0.38,179.26,0.00,54.87,45.06,0.00
44,Mark Stone,VGK,F,90.00,696.23,14.95,83.00,30.23,50.89,81.12,11.36,21.85,33.22,0.66,0.60,1.26,178.71,12.53,58.19,51.69,1.28
45,Nico Hischier,NJD,F,83.00,695.21,13.93,84.00,31.07,44.14,75.22,11.06,17.69,28.75,1.50,0.78,2.28,196.11,5.50,66.19,63.99,0.00
46,Lucas Raymond,DET,F,94.00,692.83,11.55,84.00,30.65,52.56,83.21,9.20,24.14,33.34,0.11,0.04,0.15,191.76,0.00,32.83,53.19,0.00
47,Mika Zibanejad,NYR,F,94.00,692.15,10.87,83.00,29.00,43.72,72.71,11.75,17.34,29.08,0.76,1.70,2.47,203.89,0.53,50.09,103.06,0.73
48,Rasmus Dahlin,BUF,D,100.00,690.96,191.14,84.00,17.42,51.26,68.68,5.52,18.80,24.32,0.13,0.88,1.00,210.63,6.50,99.26,87.84,0.00
49,Vasily Podkolzin,EDM,F,29.00,685.91,4.63,83.00,25.40,45.27,70.67,0.00,0.00,0.00,0.19,0.43,0.62,189.19,2.50,58.23,247.87,1.55
50,Dylan Guenther,UTA,F,99.00,685.54,4.26,84.00,34.52,35.50,70.02,11.14,13.47,24.61,0.40,0.21,0.62,235.64,2.10,38.71,72.83,0.00
51,Cutter Gauthier,ANA,F,99.00,685.18,3.91,84.00,33.63,32.24,65.87,10.03,11.02,21.04,0.07,0.18,0.24,269.89,0.00,32.88,73.10,0.00
52,Darren Raddysh,TOR,D,100.00,683.59,183.77,83.00,16.71,49.37,66.08,7.38,23.02,30.39,0.07,0.49,0.56,218.15,8.80,90.49,76.43,1.14
53,William Nylander,TOR,F,99.00,681.70,0.43,83.00,32.08,50.08,82.16,9.02,18.47,27.49,0.38,0.24,0.62,211.47,0.00,31.64,23.84,2.79
54,Adrian Kempe,LAK,F,98.00,681.28,0.00,84.00,29.03,40.09,69.13,8.17,15.51,23.68,1.13,0.03,1.16,217.44,0.61,39.09,129.12,0.00
55,Tim Stützle,OTT,F,99.00,680.50,-0.78,84.00,27.97,44.84,72.81,7.95,18.31,26.26,1.06,0.04,1.09,188.69,4.62,50.24,121.46,0.00
56,John Carlson,TBL,D,96.00,672.46,172.64,84.00,15.74,48.77,64.50,5.20,19.25,24.45,0.42,1.23,1.65,201.98,6.66,130.05,44.49,0.00
57,Jakob Chychrun,WSH,D,100.00,667.32,167.51,84.00,19.55,39.19,58.74,5.73,14.83,20.56,0.01,0.19,0.20,220.92,1.04,118.17,70.31,0.00
58,Jesper Bratt,NJD,F,95.00,666.90,-14.38,84.00,25.68,53.11,78.80,7.20,21.27,28.48,1.07,0.47,1.54,184.33,9.08,38.31,78.38,0.00
59,Nick Suzuki,MTL,F,100.00,665.61,-15.67,83.00,27.87,50.51,78.37,9.04,17.92,26.97,0.47,0.45,0.92,165.49,4.62,59.26,68.49,0.66
60,Joel Eriksson Ek,MIN,F,62.00,662.71,-18.57,84.00,24.66,36.62,61.29,8.84,14.81,23.65,0.43,0.29,0.72,208.06,2.66,65.30,136.76,0.00
61,Adam Fantilli,CBJ,F,71.00,662.14,-19.13,84.00,29.77,36.18,65.96,6.20,9.89,16.08,0.13,0.23,0.37,202.46,0.00,53.94,140.88,0.00
62,Erik Karlsson,PIT,D,99.00,661.56,161.74,84.00,16.17,50.71,66.88,5.80,22.56,28.36,0.11,0.66,0.76,218.59,3.80,91.18,34.15,0.00
63,Roope Hintz,DAL,F,88.00,660.50,-20.78,84.00,28.51,44.45,72.96,11.48,19.99,31.47,0.97,0.37,1.34,182.10,7.03,42.81,84.04,0.00
64,Clayton Keller,UTA,F,99.00,660.22,-21.06,84.00,30.27,47.37,77.64,7.86,18.40,26.26,0.03,0.00,0.02,217.32,7.70,33.74,14.52,0.00
65,Brady Tkachuk,FLA,F,99.00,659.15,-22.13,83.00,25.35,30.10,55.44,3.80,4.99,8.79,0.07,0.00,0.07,237.07,11.55,40.21,231.08,0.77
66,Steven Stamkos,NSH,F,87.00,655.71,-25.57,84.00,30.91,36.28,67.19,12.31,14.73,27.04,0.00,0.00,0.00,201.73,1.37,44.73,89.51,0.00
67,Tom Wilson,WSH,F,86.00,652.25,-29.02,84.00,24.13,33.36,57.49,8.00,9.74,17.74,1.08,0.59,1.67,167.13,6.41,79.07,218.12,0.00
68,Jackson Blake,CAR,F,48.00,651.72,-29.56,83.00,32.71,41.60,74.31,8.96,15.73,24.69,0.05,0.00,0.04,205.60,10.58,44.14,20.95,0.87
69,J.T. Miller,NYR,F,90.00,651.71,-29.57,83.00,23.83,42.21,66.04,7.85,18.00,25.84,0.53,0.34,0.87,159.58,1.94,57.72,173.68,0.69
70,Drake Batherson,OTT,F,94.00,651.32,-29.95,84.00,30.94,35.24,66.17,11.55,15.50,27.05,0.08,0.00,0.06,195.59,6.53,32.14,125.00,0.00
71,Nazem Kadri,COL,F,66.00,650.36,-30.92,84.00,26.16,44.17,70.33,8.64,15.31,23.95,0.01,0.11,0.12,223.79,0.86,37.45,59.95,0.00
72,Juraj Slafkovský,MTL,F,98.00,649.28,-32.00,83.00,27.95,38.54,66.48,9.89,12.84,22.73,0.00,0.00,0.00,161.45,0.00,77.52,118.32,0.71
73,Brayden Point,TBL,F,94.00,648.61,-32.66,84.00,33.64,44.89,78.54,13.63,16.15,29.77,0.06,0.00,0.03,179.14,6.99,37.53,17.76,0.00
74,Tomas Hertl,VGK,F,60.00,647.22,-34.06,83.00,28.44,33.50,61.95,14.44,14.47,28.91,0.19,0.28,0.48,191.05,5.43,57.01,111.55,4.77
75,Ryan O'Reilly,NSH,F,53.00,644.66,-36.62,84.00,26.23,47.00,73.23,8.35,16.93,25.28,0.73,0.75,1.48,180.32,3.11,73.29,26.32,0.00
76,Kevin Fiala,LAK,F,35.00,642.36,-38.92,83.00,29.59,37.86,67.45,10.25,15.26,25.51,0.00,0.00,0.00,222.04,7.46,33.15,58.78,0.00
77,Cole Caufield,MTL,F,100.00,640.43,-40.84,83.00,34.51,34.61,69.12,9.91,12.68,22.59,0.00,0.00,0.00,214.58,2.84,28.53,56.20,0.68
78,Evgeni Malkin,PIT,F,71.00,639.84,-41.44,84.00,27.01,49.90,76.91,8.87,19.08,27.95,0.00,0.00,0.00,184.37,4.98,36.69,39.34,0.00
79,Nikolaj Ehlers,CAR,F,87.00,638.07,-43.21,83.00,26.53,45.53,72.06,9.90,22.07,31.97,0.05,0.00,0.04,210.66,8.27,29.29,27.83,0.00
80,Sebastian Aho,CAR,F,95.00,637.77,-43.51,83.00,26.73,47.24,73.97,8.37,18.73,27.10,2.52,1.44,3.96,186.55,8.62,33.72,65.23,0.73
81,Dylan Cozens,OTT,F,58.00,636.29,-44.99,84.00,24.11,36.29,60.40,9.22,13.70,22.92,0.74,0.17,0.91,188.43,8.80,33.90,194.28,0.00
82,Ryan Nugent-Hopkins,EDM,F,50.00,636.00,-45.28,79.00,26.24,49.04,75.28,11.62,24.73,36.35,0.63,0.67,1.30,167.34,7.73,39.15,39.85,0.00
83,Mathew Barzal,NYI,F,65.00,632.30,-48.97,83.00,23.41,47.64,71.05,5.57,16.21,21.77,0.06,0.00,0.05,205.73,2.78,52.08,41.00,0.00
84,Leo Carlsson,ANA,F,98.00,631.54,-49.74,84.00,29.53,41.77,71.30,7.58,14.10,21.68,0.40,0.39,0.79,209.03,2.74,42.32,26.96,0.00
85,Bo Horvat,NYI,F,85.00,630.53,-50.74,84.00,27.71,34.12,61.83,8.41,11.84,20.24,1.13,0.39,1.52,226.87,0.72,48.08,70.11,0.00
86,Owen Tippett,PHI,F,37.00,630.05,-51.23,84.00,25.53,30.51,56.05,5.86,8.81,14.67,0.22,0.01,0.23,208.98,4.52,54.72,165.29,0.00
87,John Tavares,TOR,F,87.00,627.64,-53.64,83.00,29.09,38.20,67.29,9.70,12.84,22.55,0.00,0.01,0.01,188.21,0.96,41.33,88.95,2.60
88,Jimmy Snuggerud,STL,F,53.00,627.26,-54.02,84.00,28.72,38.41,67.13,7.06,10.72,17.78,0.00,0.00,0.00,201.21,0.00,40.86,87.56,0.00
89,Beckett Sennecke,ANA,F,91.00,627.05,-54.23,84.00,31.93,35.62,67.55,4.16,7.40,11.56,0.00,0.00,0.00,201.61,3.31,37.77,101.31,0.00
90,Travis Konecny,PHI,F,84.00,625.31,-55.97,84.00,25.32,41.15,66.46,6.49,11.87,18.37,1.63,0.77,2.41,194.66,1.29,40.16,113.47,0.00
91,Miro Heiskanen,DAL,D,99.00,625.31,125.49,84.00,12.49,47.82,60.31,4.45,24.58,29.02,0.18,1.62,1.81,163.56,7.18,136.04,35.61,0.00
92,Seth Jarvis,CAR,F,78.00,624.69,-56.59,72.00,28.34,37.90,66.24,8.58,16.34,24.92,2.27,1.14,3.42,186.23,5.75,42.03,87.12,0.00
93,Andrei Svechnikov,CAR,F,91.00,623.89,-57.39,83.00,25.20,37.49,62.70,9.59,14.58,24.17,0.00,0.00,0.00,180.17,6.83,29.23,165.95,0.76
94,Patrick Kane,CHI,F,48.00,620.38,-60.90,83.00,25.54,45.64,71.18,7.30,18.67,25.97,0.00,0.09,0.09,204.05,1.50,32.35,33.27,1.83
95,Robert Thomas,STL,F,94.00,618.23,-63.05,84.00,25.65,54.78,80.43,5.95,17.76,23.71,0.82,0.69,1.51,155.85,7.57,48.09,18.87,0.00
96,Alexis Lafrenière,NYR,F,78.00,616.42,-64.86,83.00,28.33,36.99,65.32,8.67,13.41,22.07,0.00,0.03,0.03,187.01,3.98,42.20,87.69,0.77
97,Josh Morrissey,WPG,D,96.00,615.72,115.90,84.00,13.92,46.47,60.39,4.25,17.93,22.18,0.08,0.51,0.59,173.06,2.38,121.33,49.79,0.00
98,Jackson LaCombe,ANA,D,98.00,614.90,115.09,84.00,13.44,44.65,58.08,3.91,15.95,19.86,0.67,2.00,2.67,164.18,3.09,128.10,80.23,0.00
99,Brock Nelson,COL,F,69.00,606.72,-74.56,84.00,27.93,37.39,65.32,7.89,11.97,19.86,1.06,0.00,1.06,183.03,10.85,62.76,44.68,0.00
100,Rasmus Andersson,VGK,D,88.00,606.19,106.38,83.00,14.57,35.26,49.83,5.78,13.79,19.56,0.38,1.51,1.89,174.33,0.00,159.21,44.96,0.88
101,Matthew Knies,CBJ,F,89.00,604.18,-77.10,84.00,24.15,38.95,63.09,6.49,12.33,18.82,0.51,0.24,0.75,147.20,0.00,50.81,165.15,0.00
102,Kiefer Sherwood,SJS,F,44.00,601.46,-79.82,84.00,19.09,20.49,39.58,3.40,4.69,8.08,0.93,0.37,1.30,169.10,0.00,40.94,391.29,0.00
103,Nick Schmaltz,UTA,F,91.00,601.37,-79.91,84.00,26.05,40.86,66.91,9.16,12.86,22.02,0.58,0.00,0.49,184.86,5.97,58.01,26.44,0.00
104,Gabriel Vilardi,WPG,F,62.00,598.70,-82.58,84.00,29.86,39.40,69.26,10.68,13.41,24.08,0.00,0.00,0.00,170.11,0.01,46.79,27.79,0.00
105,Mikael Granlund,ANA,F,19.00,595.14,-86.14,84.00,22.65,42.16,64.80,7.65,14.86,22.51,0.55,0.79,1.33,178.04,2.32,58.24,54.26,0.00
106,Lane Hutson,MTL,D,100.00,593.68,93.86,83.00,12.23,55.05,67.28,3.32,21.53,24.85,0.01,0.33,0.34,121.47,8.42,120.76,40.61,1.43
107,Jordan Eberle,SEA,F,7.00,587.67,-93.61,84.00,25.01,36.71,61.72,6.30,11.84,18.13,0.00,0.00,0.00,196.62,1.58,48.08,58.92,0.00
108,Trevor Zegras,PHI,F,85.00,584.99,-96.28,84.00,26.16,42.29,68.44,7.98,12.11,20.08,0.00,0.00,0.00,174.11,5.83,36.59,50.89,0.00
109,Charlie McAvoy,BOS,D,94.00,584.71,84.89,78.00,12.15,38.98,51.13,3.44,15.32,18.75,0.36,1.64,2.01,146.40,0.21,136.34,100.60,0.00
110,Jonathan Marchessault,NSH,F,4.00,583.81,-97.47,84.00,23.49,37.21,60.70,8.24,14.46,22.70,0.00,0.00,0.00,194.75,0.00,23.46,99.80,0.00
111,William Eklund,OTT,F,50.00,583.20,-98.08,84.00,22.81,36.97,59.77,7.60,13.80,21.39,0.45,0.23,0.68,176.70,0.00,59.45,74.43,0.00
112,Morgan Geekie,BOS,F,91.00,580.80,-100.48,83.00,27.57,30.58,58.15,8.64,11.61,20.25,0.00,0.05,0.05,165.87,0.00,41.48,123.61,0.69
113,Alex Laferriere,LAK,F,42.00,580.25,-101.03,84.00,22.20,23.40,45.60,2.35,3.03,5.39,0.44,0.25,0.69,191.79,1.86,55.05,230.07,0.00
114,Mats Zuccarello,LAK,F,21.00,579.90,-101.37,84.00,20.52,45.02,65.54,7.48,20.82,28.30,0.00,0.00,0.00,174.00,5.07,47.30,32.36,0.00
115,Kyle Palmieri,NYI,F,3.00,578.33,-102.95,84.00,25.45,29.08,54.53,8.97,11.74,20.70,0.33,0.59,0.92,191.00,0.00,57.94,76.14,0.00
116,Alex Ovechkin,WSH,F,91.00,574.86,-106.41,84.00,24.16,30.92,55.08,8.43,14.29,22.72,0.00,0.00,0.00,184.06,0.35,23.02,144.22,0.00
117,Alex Tuch,WSH,F,91.00,574.52,-106.76,84.00,25.24,28.60,53.84,2.32,3.18,5.50,2.16,0.49,2.65,178.42,2.25,93.70,86.74,0.00
118,Mason McTavish,STL,F,21.00,574.49,-106.79,84.00,26.34,31.91,58.25,7.53,9.83,17.36,0.10,0.02,0.12,180.35,0.00,42.50,98.50,0.00
119,Will Smith,SJS,F,96.00,574.10,-107.18,84.00,26.73,43.75,70.48,7.20,12.28,19.47,0.16,0.00,0.15,182.80,0.00,22.04,26.47,0.00
120,Elias Pettersson,VAN,F,49.00,573.66,-107.62,83.00,19.26,36.24,55.50,7.38,13.87,21.25,0.54,0.64,1.18,134.44,0.00,103.10,93.09,12.01
121,Pavel Dorofeyev,NYR,F,95.00,567.46,-113.82,83.00,28.81,29.88,58.69,10.26,11.87,22.13,0.00,0.00,0.00,199.53,7.68,34.45,33.62,0.75
122,Carter Verhaeghe,FLA,F,43.00,567.05,-114.23,83.00,26.14,34.92,61.06,3.04,4.49,7.53,0.00,0.04,0.04,205.02,4.21,33.17,75.55,0.79
123,Mikhail Sergachev,UTA,D,96.00,565.71,65.90,84.00,10.57,41.08,51.65,3.99,18.56,22.54,0.38,1.49,1.87,148.71,1.74,131.01,56.05,0.00
124,Josh Doan,BUF,F,40.00,565.42,-115.86,84.00,25.26,35.85,61.10,7.45,13.17,20.62,0.00,0.00,0.00,170.23,5.81,34.78,82.52,0.00
125,Conor Garland,CBJ,F,1.00,563.72,-117.56,84.00,22.99,35.81,58.81,5.56,10.49,16.05,0.19,0.44,0.63,191.60,0.00,48.44,59.06,0.00
126,Matty Beniers,SEA,F,8.00,561.54,-119.74,84.00,24.36,34.36,58.71,7.21,9.39,16.60,0.17,0.18,0.34,173.64,0.00,67.98,41.05,0.00
127,Viktor Arvidsson,DET,F,10.00,560.51,-120.76,84.00,25.36,30.21,55.57,8.04,14.68,22.72,0.00,0.07,0.07,203.94,0.00,40.79,35.45,0.00
128,Matthew Schaefer,NYI,D,100.00,559.17,59.35,84.00,13.62,38.06,51.68,4.27,14.82,19.09,0.29,2.07,2.36,171.02,0.13,105.16,55.91,0.00
129,Ryan Hartman,MIN,F,14.00,556.54,-124.74,84.00,22.13,26.89,49.02,3.39,3.17,6.57,0.38,0.02,0.40,193.28,4.13,89.52,79.16,0.00
130,Artturi Lehkonen,COL,F,29.00,550.86,-130.42,84.00,26.98,35.17,62.15,2.08,3.44,5.52,0.53,0.73,1.26,164.92,14.20,57.65,62.33,0.00
131,Charlie Coyle,CBJ,F,12.00,546.13,-135.15,84.00,22.49,30.90,53.39,6.45,8.52,14.97,0.74,1.22,1.95,151.24,2.81,62.45,118.13,0.00
132,Mason Marchment,SJS,F,33.00,543.28,-138.00,84.00,23.69,36.53,60.22,3.29,4.84,8.13,0.00,0.03,0.03,159.62,5.19,41.34,107.50,0.00
133,Pavel Buchnevich,STL,F,12.00,540.30,-140.98,84.00,23.07,38.31,61.37,5.56,13.53,19.08,0.85,0.71,1.56,159.31,3.32,47.26,39.73,0.00
134,Jared McCann,SEA,F,22.00,540.29,-140.98,84.00,22.99,32.81,55.79,8.43,12.27,20.70,1.24,0.34,1.58,179.79,1.88,37.07,61.72,0.00
135,Thomas Chabot,OTT,D,52.00,539.94,40.13,84.00,10.65,33.05,43.70,2.09,7.27,9.36,0.27,1.86,2.13,167.88,9.19,142.74,62.57,0.00
136,Cole Perfetti,WPG,F,7.00,539.19,-142.09,84.00,23.19,33.98,57.17,7.57,11.44,19.01,0.00,0.00,0.00,170.17,2.49,40.97,63.99,0.00
137,Seth Jones,FLA,D,80.00,537.97,38.15,83.00,9.59,36.77,46.36,3.52,11.08,14.61,0.06,2.31,2.38,163.95,0.00,110.72,91.77,0.83
138,Jonathan Huberdeau,CGY,F,3.00,536.14,-145.14,80.00,21.06,34.83,55.90,7.28,12.35,19.63,0.40,0.18,0.58,164.56,0.00,55.12,55.90,0.00
139,Anton Frondell,CHI,F,50.00,536.06,-145.22,83.00,23.22,32.53,55.75,7.15,12.36,19.50,0.00,0.00,0.00,158.84,0.00,44.65,80.02,2.19
140,Valeri Nichushkin,CBJ,F,36.00,533.19,-148.09,84.00,23.87,30.02,53.89,3.46,4.68,8.14,0.84,0.58,1.42,185.66,11.02,47.98,77.09,0.00
141,MacKenzie Weegar,UTA,D,88.00,528.05,28.23,84.00,7.81,22.03,29.85,0.00,0.00,0.00,0.04,1.59,1.64,138.64,0.00,174.91,186.70,0.00
142,John (Jack) Roslovic,TOR,F,50.00,526.63,-154.65,83.00,24.23,35.75,59.98,0.00,0.00,0.00,0.10,0.10,0.20,189.51,0.23,39.49,56.41,1.55
143,Porter Martone,PHI,F,95.00,525.38,-155.90,84.00,23.06,31.96,55.02,3.53,5.87,9.40,0.00,0.00,0.00,156.75,0.17,37.50,123.62,0.00
144,Jake Sanderson,OTT,D,99.00,523.85,24.04,71.00,11.37,32.58,43.95,4.53,14.68,19.21,0.10,2.03,2.13,166.06,7.44,118.81,37.20,0.00
145,Anthony Mantha,NJD,F,29.00,523.41,-157.87,84.00,24.17,33.51,57.68,8.31,13.73,22.04,0.10,0.00,0.07,143.86,1.45,40.44,60.70,0.00
146,Adam Fox,NYR,D,99.00,522.97,23.15,83.00,10.87,40.70,51.57,3.98,19.75,23.72,0.38,1.51,1.89,122.96,9.89,113.49,46.67,0.75
147,Will Cuylle,NYR,F,38.00,522.47,-158.81,83.00,16.46,19.05,35.51,1.63,2.51,4.14,0.50,0.32,0.82,137.06,0.00,68.33,295.14,1.39
148,Jason Zucker,BUF,F,5.00,521.12,-160.15,77.00,24.03,29.57,53.60,8.89,12.50,21.39,0.00,0.00,0.00,163.72,3.25,27.27,82.54,0.00
149,Dylan Strome,WSH,F,45.00,518.35,-162.93,84.00,20.74,41.75,62.50,6.45,16.56,23.02,0.00,0.09,0.09,133.89,0.00,52.13,16.39,0.00
150,Mattias Ekholm,EDM,D,67.00,517.73,17.91,83.00,12.08,35.11,47.18,0.61,2.69,3.30,0.19,1.89,2.08,162.16,17.59,115.45,73.69,2.47
151,Ivan Barbashev,VGK,F,29.00,517.36,-163.92,83.00,22.89,35.44,58.33,0.00,0.00,0.00,0.00,0.02,0.02,133.83,9.48,42.34,151.00,2.21
152,Brad Marchand,FLA,F,54.00,515.94,-165.34,70.00,21.86,30.63,52.49,7.76,17.64,25.40,1.07,0.43,1.50,160.02,0.67,35.35,64.23,0.00
153,Quinton Byfield,LAK,F,66.00,515.83,-165.45,84.00,22.18,31.97,54.15,3.20,3.82,7.02,0.42,0.69,1.11,169.68,4.88,50.20,75.89,0.00
154,Matt Coronato,CGY,F,6.00,515.54,-165.74,84.00,22.88,28.35,51.23,7.83,12.03,19.85,0.00,0.01,0.01,200.80,0.00,29.28,30.34,0.00
155,Tyler Bertuzzi,CHI,F,28.00,514.15,-167.13,83.00,23.97,31.44,55.41,7.14,9.54,16.67,0.00,0.00,0.00,151.72,0.00,40.76,67.86,1.46
156,Jake DeBrusk,VAN,F,21.00,512.83,-168.45,83.00,22.79,23.78,46.57,11.15,11.17,22.32,0.51,0.27,0.78,169.42,0.00,44.75,78.23,14.26
157,Connor Bedard,CHI,F,94.00,511.71,-169.57,67.00,23.35,34.98,58.33,5.70,11.79,17.49,0.01,0.00,0.01,163.39,0.00,30.25,38.83,0.00
158,Jacob Trouba,SJS,D,65.00,511.54,11.72,84.00,6.33,22.62,28.95,0.00,0.00,0.00,0.05,3.05,3.10,141.02,0.00,173.38,165.58,0.00
159,Darnell Nurse,SJS,D,48.00,509.90,10.08,84.00,7.81,23.72,31.53,0.00,0.00,0.00,0.68,1.91,2.59,161.06,0.00,147.12,152.20,0.00
160,Blake Coleman,MIN,F,17.00,509.02,-172.26,84.00,17.97,24.09,42.06,0.19,0.25,0.44,1.67,0.64,2.31,161.99,4.13,68.67,178.96,0.00
161,Dougie Hamilton,NJD,D,87.00,508.16,8.34,84.00,10.67,25.11,35.78,2.35,5.31,7.65,0.15,1.35,1.50,194.94,3.58,102.62,100.68,0.00
162,Thomas Harley,DAL,D,84.00,504.49,4.67,84.00,10.69,31.26,41.95,1.16,5.20,6.36,0.26,0.64,0.90,145.70,0.93,145.20,52.49,0.00
163,Victor Eklund,NYI,F,6.00,502.47,-178.81,84.00,21.01,28.00,49.01,7.76,12.48,20.24,0.00,0.00,0.00,160.33,0.12,30.20,98.83,0.00
164,Brandon Montour,SEA,D,81.00,499.88,0.06,84.00,11.62,24.27,35.89,1.38,5.14,6.51,0.01,0.45,0.46,193.23,0.00,97.35,97.56,0.00
165,Noah Dobson,MTL,D,94.00,499.82,0.00,83.00,9.14,27.15,36.29,1.40,4.31,5.71,0.19,1.46,1.65,139.14,0.00,164.69,70.12,2.50
166,Anders Lee,UTA,F,8.00,497.46,-183.82,84.00,20.67,24.51,45.18,2.87,4.02,6.89,0.00,0.00,0.00,166.23,3.56,55.25,113.55,0.00
167,Josh Norris,BUF,F,8.00,497.37,-183.91,84.00,19.62,32.86,52.48,7.66,14.04,21.70,0.44,0.60,1.04,129.96,2.53,50.34,74.96,0.00
168,Kasperi Kapanen,EDM,F,1.00,496.47,-184.81,83.00,17.84,32.96,50.80,0.00,0.00,0.00,0.72,0.32,1.04,173.84,0.00,32.78,136.64,1.34
169,Elias Lindholm,BOS,F,14.00,494.11,-187.17,83.00,17.86,32.66,50.52,6.14,11.74,17.88,0.43,0.62,1.06,133.69,0.00,70.78,58.94,2.59
170,Bobby McMann,SEA,F,25.00,492.70,-188.58,84.00,18.30,21.51,39.82,1.60,2.23,3.83,0.30,0.00,0.23,176.57,0.00,39.16,182.19,0.00
171,Logan Cooley,UTA,F,88.00,492.01,-189.27,84.00,22.13,32.59,54.72,3.23,5.71,8.94,0.30,0.40,0.70,142.33,1.40,43.41,79.00,0.00
172,Gabriel Landeskog,COL,F,38.00,491.77,-189.51,84.00,20.51,25.72,46.22,2.64,4.02,6.67,0.00,0.00,0.00,156.66,8.45,51.82,119.39,0.00
173,Neal Pionk,WPG,D,20.00,490.82,-9.00,84.00,6.67,23.40,30.07,1.89,5.25,7.14,0.00,2.13,2.13,141.82,0.00,128.38,173.80,0.00
174,Bobby Brink,MIN,F,1.00,490.43,-190.85,84.00,19.80,29.82,49.62,6.50,10.05,16.55,0.00,0.00,0.00,139.48,1.18,45.12,97.26,0.00
175,William Karlsson,VGK,F,6.00,489.26,-192.02,83.00,21.61,28.43,50.04,1.67,2.55,4.22,1.45,0.85,2.30,180.39,5.09,55.36,39.48,0.78
176,Ilya Protas,WSH,F,7.00,488.37,-192.91,84.00,19.80,33.60,53.40,6.77,12.32,19.10,0.00,0.00,0.00,141.44,0.00,33.05,73.31,0.00
177,Vince Dunn,SEA,D,80.00,486.30,-13.52,84.00,10.42,33.68,44.11,3.99,14.69,18.68,0.01,0.48,0.49,161.76,0.00,87.15,37.90,0.00
178,Mathieu Olivier,CBJ,F,8.00,485.67,-195.61,84.00,15.88,17.25,33.13,0.00,0.00,0.00,0.40,0.36,0.77,124.17,2.38,65.55,288.23,0.00
179,Colton Parayko,STL,D,18.00,485.61,-14.20,84.00,8.98,20.71,29.68,0.00,0.00,0.00,0.19,1.77,1.96,126.75,2.51,179.80,110.12,0.00
180,Roman Kantserov,CHI,F,19.00,484.91,-196.37,83.00,20.89,28.14,49.02,2.55,3.69,6.24,0.00,0.00,0.00,155.04,0.33,34.97,120.16,0.83
181,Aliaksei Protas,WSH,F,33.00,482.49,-198.79,84.00,23.24,31.15,54.39,0.00,0.00,0.00,1.21,0.58,1.79,157.67,2.53,54.72,43.69,0.00
182,Lawson Crouse,UTA,F,18.00,481.64,-199.64,84.00,18.14,18.58,36.72,0.00,0.00,0.00,0.42,0.63,1.05,140.69,1.51,65.63,212.42,0.00
183,Alexander Wennberg,SJS,F,4.00,477.80,-203.48,84.00,15.42,35.56,50.98,7.37,10.84,18.21,0.47,0.74,1.20,107.34,0.00,90.77,38.50,0.00
184,Pavel Zacha,BOS,F,50.00,476.97,-204.31,83.00,20.80,31.55,52.35,7.75,12.15,19.90,0.65,0.43,1.08,129.62,0.00,31.76,75.52,0.74
185,Ivan Demidov,MTL,F,93.00,476.40,-204.88,83.00,21.88,34.22,56.11,8.54,15.52,24.06,0.00,0.00,0.00,127.13,0.00,26.44,38.46,0.67
186,Tyler Toffoli,SJS,F,13.00,475.31,-205.97,84.00,20.61,25.97,46.58,6.80,9.59,16.39,0.00,0.00,0.00,171.98,0.43,30.32,59.78,0.00
187,Tyler Seguin,DAL,F,5.00,474.98,-206.30,84.00,22.77,31.44,54.21,2.84,4.06,6.90,0.05,0.96,1.01,146.06,1.51,31.72,71.28,0.00
188,Brock Boeser,VAN,F,29.00,474.85,-206.43,83.00,20.40,27.99,48.39,7.46,12.61,20.07,0.19,0.05,0.24,139.15,0.00,42.71,64.83,9.34
189,Frank Nazar,CHI,F,18.00,474.33,-206.94,83.00,20.24,27.40,47.64,5.68,10.35,16.03,1.17,0.82,1.99,142.44,0.00,57.46,51.19,0.78
190,Morgan Frost,CGY,F,3.00,474.04,-207.24,84.00,18.58,27.86,46.45,7.34,12.10,19.44,0.03,0.00,0.03,146.36,0.00,49.40,62.18,0.00
191,Brayden Schenn,NYI,F,11.00,472.52,-208.76,84.00,16.18,26.53,42.71,2.83,4.53,7.36,0.12,0.12,0.24,125.64,0.00,45.81,191.38,0.00
192,John-Jason Peterka,BOS,F,50.00,471.72,-209.56,83.00,25.25,29.01,54.27,2.68,3.86,6.54,0.00,0.00,0.00,173.98,2.45,22.71,23.55,1.74
193,Boone Jenner,WSH,F,4.00,471.68,-209.60,84.00,16.34,20.26,36.60,0.00,0.00,0.00,0.92,0.52,1.44,134.05,1.98,82.64,178.60,0.00
194,Connor McMichael,STL,F,8.00,471.44,-209.84,84.00,21.55,28.65,50.20,2.87,4.14,7.02,0.47,0.97,1.45,146.75,0.00,55.58,51.71,0.00
195,Brett Howden,VGK,F,5.00,470.02,-211.26,83.00,20.46,26.36,46.82,0.00,0.00,0.00,0.29,0.33,0.62,137.52,3.62,48.99,138.11,1.89
196,Ross Colton,NSH,F,1.00,468.96,-212.32,84.00,17.92,19.07,36.99,1.42,1.36,2.78,0.00,0.01,0.01,164.10,7.61,44.53,174.74,0.00
197,Jack Quinn,BUF,F,9.00,468.00,-213.28,84.00,22.57,26.59,49.17,3.34,4.96,8.30,0.16,0.29,0.45,166.87,0.00,29.36,60.10,0.00
198,Matvei Gridin,CGY,F,6.00,466.47,-214.81,84.00,19.40,27.28,46.68,6.03,11.38,17.41,0.00,0.00,0.00,154.27,0.00,45.52,43.53,0.00
199,Kris Letang,PIT,D,13.00,463.22,-36.60,84.00,7.46,30.33,37.79,1.12,5.77,6.88,0.07,1.11,1.19,134.09,0.00,106.74,111.94,0.00
200,Anthony Cirelli,TBL,F,28.00,463.16,-218.12,84.00,20.35,28.48,48.82,2.68,3.49,6.17,1.85,1.39,3.24,131.50,8.87,66.75,59.48,0.00
201,Brandt Clarke,LAK,D,90.00,463.07,-36.75,84.00,7.51,28.85,36.36,1.34,5.71,7.04,0.01,0.02,0.03,130.94,4.81,151.76,37.83,0.00
202,Shea Theodore,VGK,D,93.00,462.50,-37.31,83.00,10.78,33.97,44.75,1.17,4.93,6.10,0.14,1.04,1.19,148.25,11.94,108.16,16.38,6.76
203,Jiri Kulich,BUF,F,1.00,461.91,-219.37,84.00,20.11,23.86,43.97,2.47,3.40,5.87,0.00,0.00,0.00,157.76,0.00,56.21,71.72,0.00
204,Shane Pinto,OTT,F,8.00,461.83,-219.45,84.00,19.69,22.18,41.86,0.00,0.00,0.00,1.76,0.36,2.13,153.12,6.08,64.37,105.64,0.00
205,Jack McBain,UTA,F,8.00,461.72,-219.56,84.00,14.38,18.62,32.99,0.00,0.00,0.00,0.31,0.50,0.82,107.39,1.30,56.52,295.66,0.00
206,Tyson Foerster,PHI,F,13.00,460.53,-220.75,84.00,20.55,22.38,42.93,3.25,4.51,7.76,0.30,0.25,0.55,141.36,3.53,60.99,87.98,0.00
207,Mike Matheson,MTL,D,56.00,458.19,-41.63,83.00,6.93,27.13,34.06,0.66,2.79,3.45,0.42,2.63,3.04,116.45,0.00,162.51,67.74,2.78
208,Yakov Trenin,MIN,F,20.00,457.95,-223.33,84.00,12.01,14.46,26.46,0.00,0.00,0.00,0.72,0.25,0.97,106.64,1.08,45.08,374.05,0.00
209,Nikita Zadorov,BOS,D,40.00,457.16,-42.66,83.00,5.55,24.99,30.54,0.00,0.00,0.00,0.32,1.44,1.76,123.27,0.00,108.72,208.44,1.65
210,Logan Stankoven,CAR,F,67.00,456.24,-225.04,83.00,19.77,27.59,47.36,3.41,4.57,7.98,0.00,0.17,0.17,163.04,10.66,35.82,57.49,0.87
211,Matt Roy,WSH,D,2.00,455.25,-44.57,84.00,5.93,24.90,30.82,0.00,0.00,0.00,0.12,2.34,2.46,107.68,0.00,157.54,131.30,0.00
212,Mikael Backlund,CGY,F,3.00,455.03,-226.25,84.00,17.69,25.07,42.75,1.50,2.77,4.27,1.39,1.21,2.60,194.77,0.00,46.08,37.50,0.00
213,Brayden McNabb,VGK,D,13.00,454.04,-45.78,83.00,6.62,19.13,25.76,0.00,0.00,0.00,0.05,1.87,1.92,107.93,9.42,170.67,139.94,3.56
214,Victor Hedman,TBL,D,95.00,453.76,-46.06,84.00,10.36,29.48,39.84,2.16,6.86,9.02,0.43,1.92,2.35,137.15,0.97,106.30,51.85,0.00
215,Sean Monahan,CBJ,F,3.00,453.35,-227.93,84.00,17.92,32.03,49.95,2.83,7.19,10.02,1.30,0.25,1.56,138.17,2.83,48.17,50.29,0.00
216,Chandler Stephenson,SEA,F,3.00,453.12,-228.16,84.00,15.78,37.40,53.18,5.52,12.10,17.62,0.80,0.29,1.10,112.76,0.00,56.41,31.39,0.00
217,Jake Neighbours,STL,F,6.00,449.97,-231.31,84.00,17.47,22.61,40.08,2.65,5.12,7.76,0.00,0.22,0.22,112.91,0.23,49.54,176.08,0.00
218,Eeli Tolvanen,NYR,F,5.00,449.18,-232.09,83.00,14.18,17.45,31.64,2.42,4.15,6.57,0.05,0.08,0.13,117.96,0.00,73.75,202.43,1.36
219,Mackie Samoskevich,SEA,F,3.00,449.08,-232.20,83.00,18.29,19.53,37.82,2.87,4.46,7.33,0.00,0.00,0.00,149.92,4.37,40.48,142.30,0.00
220,Matvei Michkov,PHI,F,44.00,446.63,-234.65,84.00,19.68,27.69,47.37,6.01,10.32,16.32,0.00,0.00,0.00,155.22,1.84,26.42,38.07,0.00
221,Jeremy Lauzon,VGK,D,15.00,444.48,-55.34,83.00,5.29,14.97,20.27,0.00,0.00,0.00,0.02,2.24,2.25,102.54,3.30,108.42,304.22,1.92
222,Brock Faber,MIN,D,94.00,444.00,-55.82,77.00,9.07,26.20,35.27,0.79,3.26,4.05,0.03,1.19,1.21,138.92,4.16,131.31,40.72,0.00
223,Ivan Provorov,CBJ,D,17.00,443.28,-56.54,84.00,7.87,27.11,34.97,1.25,4.78,6.04,0.08,2.30,2.38,129.87,1.29,138.22,40.93,0.00
224,Pierre-Luc Dubois,WSH,F,17.00,442.28,-239.00,84.00,16.93,31.89,48.82,2.89,4.09,6.99,0.00,0.00,0.00,121.82,2.22,49.03,80.96,0.00
225,Joel Farabee,CGY,F,1.00,441.76,-239.52,84.00,16.95,23.65,40.60,1.37,2.95,4.32,0.47,0.37,0.84,158.68,0.00,63.77,60.51,0.00
226,Mattias Samuelsson,BUF,D,69.00,436.52,-63.30,82.00,6.52,22.74,29.26,0.00,0.00,0.00,0.20,1.73,1.92,103.37,1.23,144.24,138.38,0.00
227,Trevor Moore,LAK,F,1.00,436.32,-244.96,84.00,17.57,20.39,37.96,1.48,1.93,3.41,1.70,0.44,2.14,167.37,4.62,52.78,78.17,0.00
228,Travis Sanheim,PHI,D,32.00,435.80,-64.02,84.00,9.16,24.18,33.34,0.00,0.00,0.00,0.84,2.55,3.39,108.74,3.14,153.19,66.15,0.00
229,Gavin McKenna,TOR,F,93.00,435.54,-245.74,83.00,18.77,27.51,46.28,2.86,3.97,6.83,0.00,0.00,0.00,139.36,0.00,30.53,86.50,1.41
230,Adam Larsson,SEA,D,6.00,434.80,-65.01,84.00,6.02,19.86,25.88,0.00,0.00,0.00,0.02,1.42,1.44,114.37,0.00,155.95,120.73,0.00
231,Dmitri Voronkov,CBJ,F,2.00,434.63,-246.65,84.00,17.88,18.96,36.84,4.30,4.23,8.53,0.00,0.00,0.00,133.71,0.60,50.00,128.23,0.00
232,Emil Heineman,NYI,F,6.00,434.54,-246.74,84.00,14.76,15.69,30.45,0.00,0.00,0.00,0.02,0.13,0.14,122.67,0.00,54.19,237.27,0.00
233,Morgan Rielly,TOR,D,36.00,433.52,-66.30,83.00,8.28,28.21,36.49,0.96,3.91,4.87,0.04,0.56,0.60,132.35,0.00,118.98,46.27,2.06
234,Igor Chernyshov,SJS,F,19.00,433.45,-247.83,84.00,19.74,26.87,46.62,1.81,2.87,4.68,0.00,0.00,0.00,142.50,1.74,36.72,66.35,0.00
235,Devon Toews,COL,D,36.00,433.39,-66.43,84.00,9.40,29.06,38.47,0.57,2.56,3.12,0.08,1.99,2.07,137.21,16.24,108.43,45.11,0.00
236,Filip Hronek,VAN,D,73.00,433.11,-66.71,83.00,6.32,26.50,32.82,1.40,5.09,6.49,0.03,1.58,1.61,119.04,0.00,105.11,127.90,10.51
237,Justin Faulk,DET,D,28.00,431.71,-68.11,84.00,6.59,23.14,29.73,1.35,4.92,6.27,0.18,1.21,1.39,119.39,0.00,136.77,85.71,0.00
238,Bowen Byram,CHI,D,88.00,430.56,-69.26,83.00,10.83,28.87,39.69,0.18,0.97,1.15,0.14,1.41,1.55,126.13,0.00,103.04,62.57,0.87
239,Zach Benson,BUF,F,49.00,429.98,-251.30,84.00,19.01,28.50,47.51,2.04,3.55,5.58,0.63,0.19,0.82,135.31,3.32,41.66,54.61,0.00
240,Egor Chinakhov,PIT,F,33.00,428.37,-252.91,84.00,21.34,21.34,42.67,1.83,2.79,4.62,0.02,0.17,0.19,154.61,0.35,35.89,61.43,0.00
241,Mavrik Bourque,NSH,F,9.00,428.25,-253.03,84.00,18.55,26.24,44.79,1.31,2.55,3.87,0.05,0.04,0.10,140.02,4.20,36.81,82.86,0.00
242,Jordan Kyrou,WSH,F,54.00,427.90,-253.38,84.00,20.58,26.51,47.08,2.57,4.57,7.14,0.00,0.00,0.00,156.86,10.59,31.68,22.61,0.00
243,Marco Rossi,VAN,F,11.00,426.88,-254.40,83.00,17.35,26.16,43.50,5.41,11.49,16.90,0.01,0.00,0.00,111.10,0.00,49.29,70.19,15.83
244,Chris Kreider,MTL,F,30.00,426.26,-255.02,83.00,18.31,24.46,42.76,3.29,3.73,7.02,1.70,0.37,2.06,136.10,4.77,38.26,87.58,1.36
245,Simon Edvinsson,DET,D,12.00,425.35,-74.47,84.00,6.13,23.31,29.43,0.00,0.00,0.00,0.04,1.37,1.40,98.62,3.05,150.53,112.15,0.00
246,Noah Hanifin,VGK,D,21.00,424.20,-75.61,83.00,8.28,25.15,33.44,0.77,2.66,3.43,0.18,1.58,1.75,132.65,10.01,122.42,50.43,1.96
247,Luke Hughes,NJD,D,74.00,424.18,-75.64,84.00,9.88,29.85,39.73,1.43,6.49,7.91,0.01,0.85,0.86,149.60,0.00,78.03,34.02,0.00
248,Cam York,PHI,D,1.00,423.56,-76.26,84.00,7.78,23.70,31.49,1.50,6.45,7.95,0.03,2.71,2.74,96.67,0.00,155.07,48.12,0.00
249,Dawson Mercer,NJD,F,3.00,422.75,-258.53,84.00,19.46,21.95,41.41,3.22,2.82,6.04,0.97,0.92,1.89,141.01,1.12,61.62,35.11,0.00
250,Matt Duchene,DAL,F,31.00,422.31,-258.96,84.00,19.13,29.30,48.43,3.46,5.90,9.36,0.02,0.05,0.07,127.77,1.26,34.20,44.83,0.00
251,Emmitt Finnie,DET,F,1.00,422.31,-258.97,84.00,16.98,21.95,38.93,2.04,2.66,4.70,0.26,0.00,0.20,124.19,0.00,44.97,132.96,0.00
252,Evan Rodrigues,NJD,F,1.00,422.06,-259.22,84.00,14.93,20.68,35.61,2.67,3.83,6.50,0.46,0.05,0.50,166.11,6.31,41.35,91.84,0.00
253,Troy Terry,ANA,F,15.00,421.57,-259.70,61.00,18.39,30.27,48.66,4.83,9.55,14.38,0.37,0.13,0.50,148.04,3.55,23.27,9.80,0.00
254,Tanner Jeannot,BOS,F,1.00,421.45,-259.83,83.00,12.62,14.22,26.84,0.00,0.00,0.00,0.36,0.26,0.62,102.93,0.03,63.39,265.62,1.40
255,Luke Evangelista,NJD,F,43.00,420.68,-260.60,84.00,15.11,31.82,46.93,2.50,5.22,7.73,0.00,0.00,0.00,154.02,5.69,33.42,30.53,0.00
256,Adam Pelech,NYI,D,50.00,418.49,-81.33,84.00,6.06,19.69,25.75,0.00,0.00,0.00,0.29,2.12,2.41,147.78,2.45,129.52,81.65,0.00
257,Jake Walman,EDM,D,5.00,417.77,-82.05,83.00,7.62,21.24,28.86,0.80,2.95,3.74,0.34,1.51,1.85,131.35,0.00,139.39,44.03,1.49
258,Ryan Poehling,ANA,F,1.00,416.69,-264.59,84.00,14.60,24.32,38.92,1.48,1.63,3.12,1.27,1.24,2.51,119.10,0.00,90.33,56.11,0.00
259,Sean Durzi,NYR,D,10.00,416.39,-83.43,83.00,7.94,24.63,32.57,0.95,3.97,4.92,0.01,0.73,0.73,123.75,2.96,119.16,59.66,1.32
260,Drew O'Connor,VAN,F,1.00,416.05,-265.23,83.00,17.26,22.83,40.08,0.00,0.00,0.00,1.14,0.43,1.56,153.05,0.00,44.76,77.38,2.98
261,Luca Cagnoni,SJS,D,9.00,416.01,-83.81,84.00,6.94,27.18,34.12,2.84,13.94,16.78,0.00,0.00,0.00,104.88,0.46,88.40,98.59,0.00
262,Josh Manson,COL,D,18.00,415.76,-84.06,84.00,6.32,19.64,25.95,0.00,0.00,0.00,0.15,1.21,1.36,112.84,8.57,106.78,181.98,0.00
263,Fabian Zetterlund,OTT,F,2.00,415.64,-265.64,84.00,15.54,17.33,32.87,2.51,2.20,4.71,0.17,0.00,0.13,129.05,1.56,55.24,144.49,0.00
264,Ben Chiarot,DET,D,5.00,414.86,-84.95,84.00,4.22,15.82,20.04,0.00,0.00,0.00,0.11,1.48,1.60,97.39,0.00,154.00,169.27,0.00
265,Yegor Sharangovich,CGY,F,1.00,412.86,-268.42,84.00,18.81,20.75,39.56,3.06,4.10,7.16,1.02,0.37,1.39,161.82,0.00,44.59,24.95,0.00
266,Anton Lundell,FLA,F,11.00,412.57,-268.71,83.00,14.84,21.50,36.34,2.22,3.81,6.03,1.05,0.97,2.02,135.31,1.73,54.53,98.28,0.83
267,Jamie Drysdale,PHI,D,9.00,412.51,-87.31,84.00,8.03,30.45,38.47,2.84,12.19,15.03,0.00,0.05,0.05,109.10,2.49,100.88,26.84,0.00
268,Adam Lowry,WPG,F,1.00,412.31,-268.97,84.00,14.56,17.27,31.82,0.00,0.00,0.00,1.19,0.60,1.79,112.92,2.48,64.22,180.14,0.00
269,Barrett Hayton,UTA,F,1.00,411.77,-269.51,84.00,17.34,22.93,40.27,2.82,4.39,7.21,0.29,0.03,0.32,141.19,5.95,52.48,44.07,0.00
270,Gabe Perreault,NYR,F,25.00,411.58,-269.70,83.00,18.02,28.13,46.14,1.87,3.73,5.60,0.00,0.00,0.00,128.00,0.00,38.01,53.11,1.20
271,Zeev Buium,VAN,D,37.00,411.31,-88.50,83.00,8.22,34.18,42.40,3.58,17.38,20.96,0.00,0.00,0.00,100.42,0.00,71.61,42.70,3.59
272,Alexander Romanov,NYI,D,3.00,410.56,-89.26,84.00,3.98,14.93,18.91,0.00,0.00,0.00,0.06,2.57,2.63,99.54,0.00,155.58,163.59,0.00
273,Thomas Novak,PIT,F,1.00,409.55,-271.73,84.00,19.41,27.70,47.12,1.78,2.39,4.17,0.01,0.00,0.01,137.27,7.80,42.12,16.54,0.00
274,Dmitry Orlov,SJS,D,12.00,408.37,-91.44,84.00,6.86,26.31,33.18,1.27,7.78,9.05,0.08,1.28,1.36,110.45,0.78,81.02,126.84,0.00
275,Cole Sillinger,CBJ,F,1.00,408.01,-273.27,84.00,13.65,23.68,37.32,0.00,0.00,0.00,1.01,0.27,1.28,135.64,0.00,50.37,117.94,0.00
276,Alex Killorn,ANA,F,1.00,407.34,-273.94,84.00,17.02,21.81,38.83,2.38,2.68,5.06,0.81,0.89,1.70,140.92,2.93,40.84,80.41,0.00
277,Alex Iafallo,WPG,F,1.00,406.62,-274.65,84.00,14.20,18.20,32.40,1.87,2.80,4.67,0.30,0.43,0.74,122.00,0.00,71.03,116.98,0.00
278,Corey Perry,LAK,F,1.00,406.07,-275.21,83.00,18.09,22.02,40.11,7.53,11.79,19.32,0.00,0.00,0.00,125.30,3.00,35.44,45.24,0.00
279,Alexandre Carrier,MTL,D,1.00,404.03,-95.79,83.00,6.24,22.97,29.21,0.00,0.00,0.00,0.13,1.44,1.57,91.78,0.00,163.80,56.61,3.25
280,K'Andre Miller,CAR,D,32.00,403.28,-96.53,83.00,6.82,23.51,30.33,0.70,2.54,3.24,0.49,3.21,3.70,108.57,8.75,103.92,120.42,0.90
281,Fraser Minten,BOS,F,5.00,401.68,-279.60,83.00,15.80,18.25,34.05,1.41,1.78,3.19,0.53,1.08,1.62,119.43,0.00,49.57,140.91,3.14
282,J.J. Moser,TBL,D,8.00,399.45,-100.37,84.00,8.17,24.24,32.41,0.00,0.00,0.00,0.18,1.69,1.87,121.70,8.00,108.10,71.65,0.00
283,Easton Cowan,TOR,F,8.00,398.42,-282.86,83.00,15.66,23.09,38.75,2.54,3.82,6.36,0.00,0.00,0.00,128.81,0.00,36.99,92.90,3.39
284,Ben Kindel,PIT,F,4.00,397.75,-283.53,81.00,16.88,23.62,40.50,2.43,4.28,6.71,0.30,0.31,0.61,134.22,0.09,47.79,39.98,0.00
285,Esa Lindell,DAL,D,21.00,397.49,-102.33,84.00,5.65,22.71,28.36,0.00,0.00,0.00,0.22,3.08,3.30,86.81,5.67,171.08,47.05,0.00
286,Sean Walker,CAR,D,32.00,397.44,-102.38,83.00,6.09,16.72,22.80,0.61,1.57,2.18,0.32,2.05,2.37,105.92,11.73,125.77,137.18,2.07
287,Brent Burns,COL,D,23.00,397.25,-102.56,84.00,8.62,20.98,29.59,0.69,2.33,3.02,0.02,2.44,2.47,161.93,8.84,95.45,28.85,0.00
288,Filip Chytil,VAN,F,50.00,396.96,-284.32,80.00,18.62,20.68,39.30,1.93,2.83,4.76,0.00,0.01,0.01,161.24,0.00,31.12,33.50,0.00
289,Christian Dvorak,PHI,F,2.00,396.66,-284.62,84.00,16.17,25.16,41.33,0.00,0.00,0.00,0.71,0.43,1.13,118.48,0.00,68.85,47.00,0.00
290,Sam Malinski,COL,D,33.00,396.47,-103.34,84.00,7.27,22.35,29.62,0.00,0.00,0.00,0.00,0.26,0.26,146.46,14.93,102.75,57.75,0.00
291,Ryan Leonard,WSH,F,33.00,395.95,-285.33,84.00,15.35,20.38,35.73,2.71,4.93,7.64,0.02,0.00,0.01,120.18,0.00,31.59,134.62,0.00
292,Michael McCarron,MIN,F,1.00,395.91,-285.36,84.00,11.07,11.79,22.86,0.00,0.00,0.00,0.37,0.93,1.30,113.25,0.00,76.06,208.75,0.00
293,Ridly Greig,OTT,F,1.00,395.24,-286.04,82.00,14.93,19.67,34.60,0.00,0.00,0.00,0.85,1.04,1.89,121.45,1.94,61.65,111.99,0.00
294,Marco Kasper,DET,F,3.00,395.19,-286.09,84.00,13.86,13.04,26.90,0.00,0.00,0.00,0.59,0.07,0.66,128.71,0.00,51.18,185.70,0.00
295,Jordan Staal,CAR,F,7.00,394.70,-286.58,83.00,12.63,19.10,31.73,0.26,0.27,0.52,1.29,0.89,2.18,98.14,6.99,60.74,184.76,0.83
296,Drew Doughty,LAK,D,6.00,392.88,-106.94,84.00,5.68,27.63,33.31,1.19,4.30,5.49,0.11,1.82,1.93,107.99,8.04,104.53,71.15,0.00
297,Mathieu Joseph,EDM,F,50.00,392.73,-288.55,83.00,12.52,21.24,33.77,0.00,0.00,0.00,1.35,0.07,1.42,115.31,0.00,46.12,165.40,1.48
298,Mario Ferraro,WPG,D,2.00,392.59,-107.23,84.00,4.30,17.53,21.83,0.00,0.00,0.00,0.10,1.64,1.74,86.19,0.00,146.86,144.47,0.00
299,Jamie Benn,DAL,F,5.00,391.23,-290.05,84.00,15.94,21.09,37.04,2.07,4.26,6.33,0.42,0.29,0.71,109.44,3.11,42.56,114.99,0.00
300,Marcus Pettersson,NYR,D,1.00,390.39,-109.42,83.00,4.84,22.72,27.56,0.00,0.00,0.00,0.12,1.62,1.73,97.99,0.00,137.63,89.28,1.67
301,Taylor Hall,CAR,F,11.00,390.05,-291.23,83.00,15.86,25.14,41.00,2.77,3.78,6.55,0.00,0.00,0.00,122.63,7.48,41.00,59.76,0.82
302,Dylan Samberg,WPG,D,50.00,389.70,-110.12,84.00,4.25,20.41,24.66,0.00,0.00,0.00,0.08,1.62,1.69,112.58,0.42,143.03,76.41,0.00
303,James Hagens,BOS,F,17.00,389.45,-291.83,83.00,17.38,21.22,38.60,0.00,0.00,0.00,0.00,0.00,0.00,133.30,0.00,37.81,84.96,1.40
304,Parker Wotherspoon,VGK,D,3.00,389.39,-110.42,83.00,3.53,24.74,28.27,0.00,0.00,0.00,0.01,1.42,1.43,80.56,2.55,118.28,156.98,1.56
305,Jaden Schwartz,COL,F,1.00,389.14,-292.13,84.00,14.74,20.01,34.76,2.09,2.44,4.52,0.19,0.00,0.14,131.33,0.00,64.17,58.44,0.00
306,Owen Power,BUF,D,12.00,388.40,-111.42,84.00,8.28,25.02,33.30,0.63,2.67,3.30,0.04,1.84,1.88,119.02,0.80,105.92,37.97,0.00
307,Marcus Foligno,MIN,F,1.00,388.25,-293.03,84.00,10.24,12.12,22.35,0.00,0.00,0.00,0.14,0.26,0.40,86.03,1.53,66.60,268.66,0.00
308,Jason Dickinson,EDM,F,50.00,387.11,-294.17,80.00,14.16,18.15,32.30,1.10,1.24,2.34,0.68,0.71,1.39,110.37,0.00,65.83,119.49,0.00
309,Jared Spurgeon,MIN,D,1.00,386.94,-112.88,84.00,5.20,20.05,25.25,0.99,4.59,5.57,0.01,0.78,0.79,92.39,2.30,136.28,89.98,0.00
310,Oliver Bjorkstrand,NYR,F,4.00,386.55,-294.73,83.00,14.82,22.30,37.11,2.34,3.36,5.70,0.00,0.00,0.00,135.61,0.84,34.52,80.98,1.22
311,Alex Newhook,MTL,F,2.00,385.49,-295.79,83.00,18.78,20.48,39.27,1.82,2.36,4.18,0.20,0.01,0.21,108.74,0.00,40.25,88.79,1.41
312,Michael Amadio,OTT,F,50.00,384.91,-296.37,84.00,14.34,21.10,35.44,0.00,0.00,0.00,0.28,0.42,0.70,112.30,4.45,59.90,107.04,0.00
313,Connor Murphy,EDM,D,1.00,383.79,-116.02,83.00,4.78,18.38,23.15,0.00,0.00,0.00,0.12,2.45,2.57,95.05,0.00,143.49,105.17,1.54
314,Philip Broberg,STL,D,69.00,383.28,-116.53,84.00,8.36,25.62,33.99,0.00,0.00,0.00,0.18,1.20,1.38,104.88,4.09,112.00,48.46,0.00
315,Sean Couturier,PHI,F,1.00,382.14,-299.13,84.00,12.63,20.65,33.27,1.45,2.46,3.92,0.42,0.58,1.00,122.84,5.18,54.99,100.84,0.00
316,Ilya Mikheyev,TBL,F,1.00,381.27,-300.01,84.00,16.28,29.17,45.45,0.00,0.00,0.00,1.49,0.09,1.58,123.49,0.00,33.92,43.75,0.00
317,Sean Kuraly,BOS,F,50.00,380.24,-301.04,83.00,12.35,17.52,29.86,0.00,0.00,0.00,0.42,0.55,0.97,142.31,0.00,52.74,110.56,1.51
318,Anthony Beauvillier,WSH,F,50.00,378.64,-302.64,84.00,14.22,18.04,32.26,0.00,0.00,0.00,0.20,0.05,0.25,128.71,0.00,54.92,100.83,0.00
319,Braden Schneider,NYR,D,4.00,378.37,-121.45,83.00,3.43,14.57,18.00,0.00,0.00,0.00,0.29,1.68,1.98,83.99,0.00,139.26,169.30,1.45
320,Zemgus Girgensons,TBL,F,50.00,378.30,-302.98,84.00,10.17,14.02,24.19,0.00,0.00,0.00,0.30,0.47,0.77,96.29,0.00,62.72,223.58,0.00
321,Rasmus Ristolainen,PHI,D,1.00,377.66,-122.16,84.00,5.81,19.64,25.45,0.00,0.00,0.00,0.01,2.25,2.26,100.54,4.28,118.00,111.55,0.00
322,Zayne Parekh,CGY,D,39.00,377.16,-122.66,84.00,7.24,25.02,32.26,3.62,13.96,17.58,0.00,0.00,0.00,109.46,0.00,74.27,51.39,0.00
323,Pavel Mintyukov,ANA,D,4.00,377.05,-122.77,84.00,7.78,20.70,28.47,0.70,3.13,3.83,0.18,0.91,1.10,103.33,0.00,114.82,64.23,0.00
324,Zach Whitecloud,CGY,D,1.00,376.71,-123.11,84.00,4.00,16.39,20.39,0.00,0.00,0.00,0.01,1.58,1.59,82.37,0.00,142.78,140.50,0.00
325,Niko Mikkola,FLA,D,50.00,376.58,-123.24,83.00,5.36,16.87,22.22,0.00,0.00,0.00,0.20,2.31,2.50,103.40,1.37,109.16,149.54,1.63
326,Nick Seeler,PHI,D,2.00,376.14,-123.68,84.00,3.32,11.92,15.24,0.00,0.00,0.00,0.13,2.25,2.38,84.50,2.02,163.33,138.33,0.00
327,Tyler Myers,DAL,D,50.00,375.41,-124.41,84.00,5.48,16.83,22.30,0.00,0.00,0.00,0.28,1.99,2.27,95.78,0.00,139.22,99.64,0.00
328,Aaron Ekblad,FLA,D,19.00,375.29,-124.53,83.00,5.86,20.02,25.89,0.84,3.54,4.38,0.34,2.50,2.84,95.71,1.70,112.62,105.02,0.86
329,Andre Burakovsky,OTT,F,50.00,373.96,-307.32,84.00,14.13,28.10,42.23,3.12,4.93,8.05,0.00,0.00,0.00,119.44,0.00,39.47,27.46,0.00
330,Claude Giroux,OTT,F,12.00,373.39,-307.89,84.00,13.29,24.38,37.67,2.74,6.15,8.89,0.95,1.08,2.03,123.01,7.00,34.62,66.00,0.00
331,Yan Kuznetsov,CGY,D,50.00,371.23,-128.59,84.00,4.38,17.61,21.99,0.00,0.00,0.00,0.00,2.85,2.85,92.00,0.00,131.90,119.64,0.00
332,Vladislav Gavrikov,NYR,D,11.00,371.13,-128.69,83.00,6.01,20.86,26.87,0.00,0.00,0.00,0.20,2.07,2.27,113.61,2.74,120.88,57.01,1.37
333,Artem Zub,OTT,D,1.00,370.51,-129.31,80.00,4.50,21.69,26.19,0.00,0.00,0.00,0.10,2.14,2.24,102.03,5.06,126.36,77.14,0.00
334,Ryan Pulock,NYI,D,1.00,370.16,-129.66,84.00,3.87,17.77,21.64,0.00,0.00,0.00,0.09,2.20,2.28,90.29,0.00,155.47,78.29,0.00
335,Dylan DeMelo,WPG,D,1.00,369.98,-129.84,84.00,4.50,20.15,24.65,0.00,0.00,0.00,0.02,1.69,1.71,87.89,2.63,118.88,128.80,0.00
336,Gustav Forsling,FLA,D,10.00,369.85,-129.97,83.00,5.78,22.56,28.33,0.00,0.00,0.00,0.11,2.96,3.07,114.75,4.85,106.06,71.26,1.54
337,Hampus Lindholm,BOS,D,3.00,368.99,-130.83,83.00,6.23,23.56,29.79,1.08,3.29,4.37,0.03,1.96,1.99,108.48,0.51,116.24,29.47,1.76
338,Timothy Liljegren,WSH,D,50.00,368.67,-131.15,84.00,5.26,17.53,22.79,0.00,0.00,0.00,0.13,0.97,1.11,87.80,0.00,145.66,84.59,0.00
339,Martin Fehervary,WSH,D,50.00,368.65,-131.17,84.00,4.55,16.29,20.84,0.00,0.00,0.00,0.05,1.73,1.78,67.47,0.00,152.62,125.75,0.00
340,Warren Foegele,OTT,F,1.00,368.38,-312.90,84.00,16.72,15.49,32.20,0.00,0.00,0.00,1.27,0.31,1.58,135.46,2.84,37.17,94.09,0.00
341,Pius Suter,STL,F,50.00,368.19,-313.09,84.00,16.88,18.21,35.09,2.15,3.57,5.72,0.80,0.38,1.18,123.90,3.22,41.06,60.12,0.00
342,Nino Niederreiter,WPG,F,50.00,366.23,-315.05,84.00,13.42,17.34,30.76,2.08,3.55,5.63,0.00,0.00,0.00,127.54,2.72,36.74,107.12,0.00
343,Louis Crevier,BUF,D,1.00,365.68,-134.14,84.00,5.19,16.36,21.55,0.00,0.00,0.00,0.12,1.15,1.27,106.48,0.00,107.18,132.21,0.00
344,Mikey Anderson,LAK,D,1.00,364.76,-135.06,84.00,4.28,19.72,24.00,0.00,0.00,0.00,0.15,1.83,1.98,75.17,3.63,131.52,122.01,0.00
345,Kaiden Guhle,MTL,D,2.00,363.93,-135.88,75.00,4.93,16.38,21.31,0.00,0.00,0.00,0.05,1.50,1.54,81.19,0.00,124.89,141.76,0.00
346,Damon Severson,CBJ,D,1.00,363.82,-136.00,82.00,8.04,23.25,31.28,0.00,0.00,0.00,0.13,0.99,1.12,98.59,9.28,106.21,55.34,0.00
347,Tony DeAngelo,NYI,D,2.00,363.27,-136.55,84.00,6.44,23.25,29.69,1.12,4.60,5.73,0.02,0.24,0.26,126.80,0.00,83.29,45.53,0.00
348,Erik Haula,LAK,F,2.00,363.18,-318.10,84.00,12.70,14.49,27.20,0.00,0.00,0.00,0.66,0.76,1.41,118.16,0.00,60.89,123.49,0.00
349,Brady Skjei,NSH,D,1.00,361.96,-137.85,84.00,5.92,21.55,27.47,0.00,0.00,0.00,0.23,2.05,2.28,114.24,0.00,99.88,75.12,0.00
350,Nicholas Paul,TOR,F,50.00,361.35,-319.92,83.00,14.51,15.88,30.39,2.30,2.52,4.82,0.25,0.21,0.46,115.78,0.09,39.97,113.90,1.28
351,Radko Gudas,FLA,D,8.00,361.35,-138.47,83.00,2.37,11.16,13.53,0.00,0.00,0.00,0.02,2.21,2.23,64.51,1.34,127.70,233.49,1.53
352,Andrew Peeke,UTA,D,50.00,361.28,-138.53,84.00,3.24,16.04,19.28,0.00,0.00,0.00,0.06,1.53,1.59,82.36,0.00,141.70,123.71,0.00
353,Jonas Brodin,MIN,D,50.00,360.98,-138.84,84.00,4.08,20.57,24.65,0.00,0.00,0.00,0.01,1.25,1.26,92.46,3.03,156.57,28.91,0.00
354,Dalibor Dvorsky,STL,F,1.00,360.56,-320.72,84.00,14.41,19.36,33.77,3.23,4.01,7.24,0.00,0.00,0.00,115.62,0.00,31.90,92.43,0.00
355,Alexander Nikishin,CAR,D,42.00,360.26,-139.56,79.00,5.78,19.52,25.30,1.47,4.41,5.88,0.24,1.63,1.87,90.87,4.46,90.11,127.69,0.00
356,Peyton Krebs,BUF,F,3.00,358.90,-322.38,84.00,9.93,19.49,29.42,0.00,0.00,0.00,0.12,0.04,0.15,94.11,0.00,41.54,190.29,0.00
357,Kaapo Kakko,SEA,F,1.00,358.62,-322.65,84.00,15.65,23.17,38.82,2.09,3.64,5.73,0.01,0.00,0.01,125.79,0.00,25.46,43.86,0.00
358,Ryan McLeod,BUF,F,5.00,358.23,-323.05,84.00,14.47,30.26,44.73,0.00,0.00,0.00,1.03,1.15,2.18,104.62,5.63,40.12,32.20,0.00
359,Arseny Gritsyuk,NJD,F,1.00,356.17,-325.11,84.00,12.35,19.50,31.85,0.00,0.00,0.00,0.00,0.00,0.00,144.98,2.10,33.95,79.27,0.00
360,Brandon Carlo,STL,D,50.00,355.84,-143.98,84.00,3.46,15.28,18.74,0.00,0.00,0.00,0.26,2.48,2.74,87.71,0.00,143.81,102.43,0.00
361,Justin Hryckowian,DAL,F,1.00,355.22,-326.06,84.00,13.48,19.08,32.56,1.50,2.13,3.63,0.46,0.56,1.02,92.71,0.61,46.11,122.44,0.00
362,Tye Kartye,NYR,F,50.00,353.96,-327.32,83.00,10.37,11.40,21.77,0.00,0.00,0.00,0.11,0.15,0.26,94.50,0.00,49.98,222.19,1.50
363,Zachary L'Heureux,COL,F,50.00,353.69,-327.59,83.00,11.33,11.65,22.98,0.00,0.00,0.00,0.09,0.72,0.81,92.49,0.00,53.78,204.15,0.00
364,Jake McCabe,TOR,D,15.00,353.51,-146.31,83.00,3.17,14.62,17.79,0.00,0.00,0.00,0.04,2.30,2.34,50.90,0.00,165.43,129.56,1.59
365,Jordan Spence,OTT,D,2.00,352.95,-146.86,84.00,7.46,20.31,27.77,0.00,0.00,0.00,0.00,0.26,0.26,122.39,16.85,79.09,75.41,0.00
366,Jeff Viel,TBL,F,50.00,352.95,-328.33,84.00,11.35,13.36,24.71,0.00,0.00,0.00,0.00,0.00,0.00,100.97,1.80,39.72,201.60,0.00
367,Brett Pesce,NJD,D,50.00,352.51,-147.31,84.00,4.58,18.05,22.62,0.00,0.00,0.00,0.18,2.05,2.23,99.81,1.64,145.28,35.51,0.00
368,Dakota Joshua,TOR,F,50.00,352.33,-328.95,76.00,11.67,10.92,22.59,0.00,0.00,0.00,0.38,0.30,0.68,70.90,0.05,42.75,264.16,0.00
369,Andrei Kuzmenko,PIT,F,2.00,351.35,-329.92,83.00,16.59,22.55,39.14,3.33,4.83,8.16,0.00,0.00,0.00,113.57,3.34,29.29,27.58,0.00
370,Collin Graf,SJS,F,6.00,351.10,-330.18,84.00,15.25,16.80,32.06,0.00,0.00,0.00,1.25,0.62,1.87,105.90,0.00,50.76,92.60,0.00
371,Shane Wright,SEA,F,2.00,350.84,-330.44,84.00,15.11,17.14,32.25,2.33,3.91,6.24,0.00,0.00,0.00,100.53,0.00,58.13,61.08,0.00
372,Sam Steel,DAL,F,50.00,350.78,-330.50,84.00,13.39,22.84,36.23,0.00,0.00,0.00,1.21,0.96,2.17,102.15,1.52,41.15,91.95,0.00
373,Morgan Barron,WPG,F,50.00,350.72,-330.55,84.00,11.81,11.18,22.99,0.00,0.00,0.00,1.02,0.61,1.63,110.40,0.00,53.06,165.49,0.00
374,Artyom Levshunov,CHI,D,13.00,350.32,-149.50,83.00,5.89,20.66,26.54,1.13,5.48,6.61,0.00,0.25,0.25,83.45,0.00,89.16,109.75,1.35
375,Jean-Gabriel Pageau,NYI,F,2.00,350.14,-331.14,84.00,11.43,16.01,27.43,0.00,0.00,0.00,1.56,1.09,2.65,89.14,0.00,64.41,145.83,0.00
376,Jamieson Oleksiak,VAN,D,50.00,349.14,-150.68,83.00,4.53,15.24,19.77,0.00,0.00,0.00,0.05,1.59,1.64,97.78,0.00,118.34,109.28,1.53
377,Danila Yurov,MIN,F,2.00,348.66,-332.62,84.00,16.35,18.92,35.27,0.14,0.22,0.36,0.00,0.03,0.03,102.99,0.00,44.79,73.37,0.00
378,Matias Maccelli,NYI,F,1.00,348.55,-332.73,84.00,15.31,23.86,39.16,2.13,4.52,6.65,0.00,0.06,0.06,120.34,0.00,23.53,32.28,0.00
379,Phillip Danault,MTL,F,1.00,348.33,-332.95,83.00,11.68,22.57,34.25,0.00,0.00,0.00,0.60,0.92,1.53,105.01,0.56,55.64,75.59,5.09
380,Zachary Bolduc,MTL,F,2.00,347.99,-333.29,83.00,12.88,13.48,26.35,0.00,0.00,0.00,0.00,0.00,0.00,99.60,0.92,46.30,161.76,2.32
381,Viggo Björck,WPG,F,50.00,346.97,-334.31,84.00,15.32,19.01,34.33,0.00,0.00,0.00,0.00,0.00,0.00,133.68,0.48,34.27,48.87,0.00
382,Nick Robertson,PIT,F,2.00,346.13,-335.15,84.00,15.01,16.30,31.31,0.00,0.00,0.00,0.00,0.04,0.04,122.01,0.00,41.30,79.50,0.00
383,William Borgen,BOS,D,50.00,345.23,-154.58,83.00,3.81,16.99,20.80,0.00,0.00,0.00,0.09,1.30,1.39,85.24,0.00,112.59,130.20,2.14
384,Sam Rinzel,CHI,D,15.00,345.17,-154.64,83.00,6.02,18.32,24.34,0.84,3.10,3.94,0.00,0.63,0.63,107.02,0.00,90.88,81.44,1.65
385,Connor Zary,CGY,F,1.00,344.93,-336.35,84.00,15.16,18.28,33.44,2.00,4.17,6.17,0.00,0.00,0.00,123.49,0.00,30.89,52.99,0.00
386,Joel Edmundson,LAK,D,1.00,344.80,-155.02,83.00,4.47,15.37,19.84,0.00,0.00,0.00,0.09,1.65,1.74,98.45,0.00,116.28,103.24,0.00
387,Andrew Copp,DET,F,1.00,344.32,-336.96,84.00,12.44,21.87,34.31,0.00,0.00,0.00,0.68,0.57,1.25,104.83,0.00,62.69,50.37,0.00
388,Jonas Siegenthaler,NJD,D,50.00,343.42,-156.40,84.00,3.81,17.10,20.91,0.00,0.00,0.00,0.12,2.23,2.35,77.33,0.06,131.05,103.07,0.00
389,Scott Laughton,LAK,F,1.00,343.05,-338.23,84.00,9.77,15.35,25.12,0.00,0.00,0.00,2.08,1.15,3.23,101.86,0.00,52.62,157.48,0.00
390,Maxim Shabanov,MIN,F,3.00,342.85,-338.43,84.00,13.23,22.39,35.62,2.23,4.27,6.50,0.00,0.00,0.00,109.52,0.00,31.22,62.19,0.00
391,Colton Sissons,TOR,F,50.00,342.48,-338.80,83.00,11.85,14.30,26.15,0.00,0.00,0.00,1.07,0.43,1.49,105.88,0.70,57.99,121.76,1.44
392,Oliver Ekman-Larsson,TOR,D,13.00,340.93,-158.89,83.00,5.70,20.29,25.99,0.85,3.33,4.17,0.07,0.56,0.63,91.24,0.00,84.16,101.89,3.06
393,Kevin Bahl,CGY,D,50.00,340.38,-159.44,84.00,3.35,17.58,20.93,0.00,0.00,0.00,0.08,2.06,2.14,75.41,0.00,117.81,128.54,0.00
394,Justin Brazeau,PIT,F,1.00,340.02,-341.25,81.00,12.80,14.39,27.19,0.00,0.00,0.00,0.00,0.00,0.00,99.85,0.06,57.07,117.44,0.00
395,Jack Drury,NSH,F,50.00,339.94,-341.34,84.00,12.62,17.60,30.23,0.00,0.00,0.00,0.47,0.72,1.19,117.40,9.46,61.98,52.27,0.00
396,Victor Olofsson,VGK,F,1.00,339.85,-341.42,83.00,15.08,19.10,34.17,3.16,3.60,6.77,0.00,0.00,0.00,133.45,2.99,26.13,26.48,8.18
397,Cam Fowler,STL,D,1.00,339.59,-160.22,84.00,5.84,28.12,33.96,1.20,6.06,7.26,0.05,1.19,1.24,88.37,0.00,88.01,19.96,0.00
398,Vladislav Namestnikov,WPG,F,50.00,338.53,-342.75,84.00,11.86,16.52,28.39,2.08,3.29,5.37,0.67,0.48,1.15,98.79,0.08,49.66,103.89,0.00
399,Nic Dowd,VGK,F,50.00,337.73,-343.55,83.00,10.44,14.06,24.49,0.00,0.00,0.00,0.58,0.26,0.83,81.90,0.00,68.80,152.77,3.24
400,Drew Helleson,ANA,D,50.00,336.98,-162.84,84.00,4.75,19.34,24.09,0.00,0.00,0.00,0.01,1.01,1.02,80.85,0.00,107.28,102.13,0.00
401,J.T. Compher,DET,F,1.00,336.49,-344.79,84.00,12.99,21.39,34.39,1.36,1.76,3.12,0.72,0.57,1.29,98.70,0.00,61.48,32.76,0.00
402,Olen Zellweger,BUF,D,7.00,336.43,-163.39,84.00,7.88,16.46,24.33,0.75,2.64,3.39,0.15,0.35,0.50,114.20,0.76,92.52,42.51,0.00
403,Pontus Holmberg,TBL,F,50.00,335.88,-345.40,84.00,13.00,17.14,30.14,0.08,0.12,0.21,0.10,0.21,0.31,105.92,5.38,52.02,83.10,0.00
404,Noah Cates,PHI,F,2.00,334.78,-346.50,84.00,12.01,17.89,29.90,0.00,0.00,0.00,0.50,1.21,1.71,92.82,2.90,56.04,103.13,0.00
405,Erik Cernak,TBL,D,50.00,334.69,-165.13,84.00,3.87,14.14,18.01,0.00,0.00,0.00,0.05,2.39,2.45,66.90,2.60,115.19,159.06,0.00
406,Simon Benoit,PHI,D,50.00,334.57,-165.24,84.00,2.07,9.95,12.02,0.00,0.00,0.00,0.03,1.42,1.45,53.54,0.00,122.87,222.64,0.00
407,Martin Pospisil,CGY,F,1.00,334.15,-347.13,84.00,7.23,10.71,17.94,0.00,0.00,0.00,0.06,0.04,0.10,89.66,0.00,29.98,274.52,0.00
408,Simon Nemec,CGY,D,35.00,334.02,-165.80,84.00,5.94,17.75,23.69,0.05,0.21,0.27,0.21,0.38,0.59,99.97,0.00,118.72,36.33,0.00
409,Justin Sourdif,WSH,F,1.00,333.36,-347.92,84.00,12.25,19.54,31.79,0.00,0.00,0.00,0.01,0.12,0.13,97.21,2.66,42.50,103.39,0.00
410,Cole Hutson,WSH,D,94.00,332.94,-166.88,84.00,5.59,20.56,26.15,1.17,5.92,7.08,0.00,0.00,0.00,88.66,0.07,76.12,94.20,0.00
411,Ryan Donato,CHI,F,3.00,332.82,-348.46,83.00,13.83,18.37,32.20,1.45,1.88,3.33,0.00,0.04,0.04,111.53,0.00,26.19,86.21,0.77
412,Nikita Nesterenko,ANA,F,50.00,332.17,-349.11,84.00,11.87,17.23,29.10,0.00,0.00,0.00,0.03,0.04,0.07,98.32,1.33,30.76,145.55,0.00
413,Jacob Melanson,SEA,F,50.00,332.03,-349.25,84.00,6.68,7.85,14.53,0.00,0.00,0.00,0.00,0.00,0.00,75.54,0.15,27.43,330.28,0.00
414,Ryan McDonagh,TBL,D,1.00,331.77,-168.05,84.00,4.59,19.99,24.58,0.00,0.00,0.00,0.32,2.57,2.88,75.38,7.43,136.26,40.37,0.00
415,Kirby Dach,MTL,F,1.00,330.98,-350.30,83.00,12.33,13.30,25.63,1.08,1.99,3.07,0.00,0.01,0.01,93.46,0.00,51.53,124.02,4.32
416,Jordan Martinook,CAR,F,1.00,330.70,-350.58,83.00,10.73,15.28,26.01,0.00,0.00,0.00,0.88,0.88,1.75,98.35,7.35,60.93,111.53,1.55
417,Josh Anderson,MTL,F,1.00,330.07,-351.21,83.00,11.80,11.09,22.88,0.00,0.00,0.00,0.98,0.21,1.19,90.79,0.00,57.71,151.06,3.38
418,Alexander Kerfoot,NSH,F,50.00,329.79,-351.49,84.00,11.61,18.55,30.16,0.90,2.06,2.96,0.73,0.71,1.43,88.42,0.00,64.96,70.97,0.00
419,Nate Schmidt,UTA,D,1.00,329.78,-170.03,84.00,5.03,18.42,23.45,0.00,0.00,0.00,0.02,0.79,0.81,85.42,8.62,103.08,91.95,0.00
420,Nicolas Hague,NSH,D,50.00,329.68,-170.14,84.00,3.98,17.27,21.25,0.00,0.00,0.00,0.03,1.53,1.56,87.26,0.00,100.55,115.29,0.00
421,Casey Mittelstadt,BOS,F,2.00,329.53,-351.75,83.00,13.98,24.88,38.86,1.93,3.50,5.43,0.00,0.00,0.00,101.62,0.00,28.28,31.03,1.30
422,Max Crozier,TBL,D,50.00,329.45,-170.36,84.00,4.91,18.63,23.55,0.00,0.00,0.00,0.01,1.12,1.12,96.32,3.50,89.70,98.09,0.00
423,Cale Fleury,SEA,D,50.00,329.07,-170.75,84.00,3.81,11.98,15.79,0.00,0.00,0.00,0.00,0.67,0.67,76.84,0.00,109.77,158.75,0.00
424,Brenden Dillon,NJD,D,4.00,328.30,-171.52,84.00,2.61,12.18,14.79,0.00,0.00,0.00,0.23,2.09,2.32,58.06,0.00,109.43,204.43,0.00
425,Jaccob Slavin,CAR,D,2.00,327.45,-172.37,83.00,4.77,17.35,22.12,0.00,0.00,0.00,0.32,3.13,3.46,106.42,9.48,119.00,29.25,1.75
426,Eetu Luostarinen,FLA,F,1.00,326.89,-354.39,83.00,9.45,14.54,23.99,0.20,0.25,0.45,0.78,0.86,1.64,80.46,2.44,67.57,142.30,1.81
427,John Marino,UTA,D,3.00,326.21,-173.61,84.00,4.89,28.78,33.67,0.64,3.39,4.02,0.07,1.25,1.32,72.35,5.63,89.48,38.22,0.00
428,Jacob Middleton,CGY,D,50.00,325.71,-174.11,84.00,4.09,13.56,17.65,0.00,0.00,0.00,0.01,0.89,0.90,72.83,0.00,128.96,104.87,0.00
429,Jonathan Aspirot,BOS,D,50.00,325.38,-174.44,83.00,4.47,15.21,19.67,0.00,0.00,0.00,0.01,1.03,1.04,82.10,0.13,105.66,116.40,2.12
430,Mason Lohrei,BOS,D,1.00,325.31,-174.51,83.00,6.26,19.95,26.21,1.14,4.08,5.21,0.02,0.20,0.23,90.50,0.00,96.48,39.18,2.52
431,Samuel Girard,PIT,D,50.00,324.89,-174.93,84.00,5.36,23.96,29.31,0.00,0.00,0.00,0.03,1.19,1.21,87.26,9.21,94.83,47.10,0.00
432,Kent Johnson,CBJ,F,3.00,324.43,-356.85,84.00,13.97,21.08,35.05,2.66,5.50,8.16,0.21,0.15,0.36,104.81,0.00,34.82,21.67,0.00
433,Joseph Veleno,NYR,F,50.00,323.93,-357.34,83.00,9.06,12.01,21.07,0.00,0.00,0.00,0.64,0.29,0.93,90.00,0.00,47.32,186.47,1.34
434,Konsta Helenius,BUF,F,9.00,321.83,-359.45,84.00,13.28,17.30,30.59,0.00,0.00,0.00,0.00,0.00,0.00,109.73,1.43,29.69,88.94,0.00
435,Noel Acciari,PHI,F,50.00,320.83,-360.45,84.00,9.93,10.03,19.96,0.00,0.00,0.00,0.54,0.75,1.30,88.15,0.00,90.32,102.94,0.00
436,Alexandre Texier,MTL,F,50.00,319.99,-361.29,83.00,12.41,16.65,29.06,0.00,0.00,0.00,0.57,0.31,0.88,109.11,0.00,32.48,96.52,9.33
437,Denver Barkey,PHI,F,50.00,319.61,-361.66,82.00,11.31,19.30,30.62,2.65,4.71,7.36,0.00,0.00,0.00,91.13,2.18,36.12,83.35,0.00
438,Ryan Strome,CGY,F,50.00,318.24,-363.04,84.00,12.12,19.23,31.35,1.61,3.56,5.17,0.11,0.04,0.15,115.25,0.00,30.76,47.55,0.00
439,Matthew Wood,NSH,F,3.00,318.13,-363.15,84.00,13.25,18.18,31.42,2.13,3.28,5.41,0.15,0.00,0.11,100.30,0.00,31.50,66.69,0.00
440,Chris Tanev,TOR,D,1.00,318.06,-181.76,83.00,2.62,19.06,21.68,0.00,0.00,0.00,0.00,1.83,1.83,59.57,6.28,156.68,31.58,1.50
441,Ryan Greene,CHI,F,50.00,318.01,-363.27,83.00,12.75,19.58,32.33,0.00,0.00,0.00,0.24,0.83,1.08,99.14,0.00,44.00,59.89,2.80
442,Nick Foligno,MIN,F,50.00,316.24,-365.04,84.00,7.79,12.90,20.69,1.54,2.15,3.69,0.44,0.66,1.09,77.81,0.00,44.40,192.24,0.00
443,Lian Bichsel,DAL,D,3.00,315.94,-183.87,84.00,3.39,12.91,16.30,0.00,0.00,0.00,0.00,0.43,0.43,59.39,0.19,77.71,225.57,0.00
444,Ivar Stenberg,SJS,F,65.00,315.48,-365.80,84.00,13.96,14.83,28.78,0.00,0.00,0.00,0.00,0.00,0.00,126.37,0.48,34.27,48.87,0.00
445,Brett Kulak,COL,D,50.00,314.43,-185.39,84.00,4.78,17.95,22.74,0.00,0.00,0.00,0.00,1.51,1.51,101.06,0.00,107.50,30.94,0.00
446,Liam Ohgren,VAN,F,50.00,312.65,-368.63,83.00,10.60,16.19,26.79,0.00,0.00,0.00,0.14,0.19,0.33,105.46,0.00,46.59,85.55,3.22
447,Sam Dickinson,SJS,D,2.00,312.54,-187.28,84.00,6.09,15.93,22.02,0.00,0.00,0.00,0.00,1.37,1.37,88.98,0.00,88.30,87.79,0.00
448,Michael Brandsegg-Nygård,DET,F,1.00,311.48,-369.80,84.00,10.09,12.18,22.26,0.00,0.00,0.00,0.00,0.00,0.00,97.89,0.38,29.43,169.44,0.00
449,Erik Gudbranson,CBJ,D,50.00,310.66,-189.16,84.00,2.35,11.75,14.09,0.00,0.00,0.00,0.02,2.39,2.41,64.38,0.00,137.97,107.37,0.00
450,Troy Stecher,TOR,D,50.00,310.09,-189.72,83.00,5.01,16.74,21.75,0.00,0.00,0.00,0.04,1.14,1.18,85.27,0.00,109.31,54.06,4.81
451,Noah Laba,NYR,F,1.00,309.71,-371.57,83.00,10.59,15.50,26.09,0.00,0.00,0.00,1.21,0.17,1.38,87.86,0.00,44.95,120.29,1.28
452,Michael Misa,SJS,F,29.00,309.56,-371.72,84.00,12.60,18.91,31.51,1.72,2.67,4.39,0.00,0.00,0.00,103.18,0.16,36.52,40.30,0.00
453,Nils Hoglander,NSH,F,50.00,309.18,-372.10,84.00,13.08,16.61,29.69,0.00,0.00,0.00,0.03,0.00,0.02,93.08,0.00,25.97,109.04,0.00
454,Jordan Greenway,CHI,F,50.00,308.96,-372.32,83.00,9.15,13.25,22.40,0.00,0.00,0.00,0.35,1.36,1.71,96.64,0.00,51.66,124.87,3.05
455,Jake Evans,MTL,F,50.00,308.49,-372.79,83.00,10.37,15.98,26.35,0.00,0.00,0.00,1.45,0.82,2.27,77.23,0.00,59.04,107.64,2.26
456,Johnathan Kovacevic,NJD,D,50.00,308.45,-191.37,82.00,3.95,14.60,18.55,0.00,0.00,0.00,0.11,2.60,2.71,74.35,0.00,99.67,119.54,0.00
457,Elmer Soderblom,PIT,F,50.00,307.97,-373.31,84.00,12.00,12.44,24.44,0.00,0.00,0.00,0.00,0.00,0.00,96.15,0.30,32.64,134.07,0.00
458,Elias Pettersson D,VAN,D,1.00,307.94,-191.88,83.00,3.15,14.25,17.40,0.52,3.21,3.72,0.02,1.56,1.59,55.09,0.00,102.48,145.05,1.65
459,Alex Vlasic,CHI,D,50.00,307.81,-192.01,83.00,3.51,16.68,20.19,0.00,0.00,0.00,0.26,1.53,1.79,73.75,0.00,131.58,44.09,1.27
460,Logan Stanley,NYI,D,1.00,307.60,-192.22,84.00,4.43,11.62,16.06,0.00,0.00,0.00,0.12,1.10,1.21,88.26,0.00,92.93,124.26,0.00
461,Calum Ritchie,NYI,F,1.00,307.00,-374.28,84.00,13.09,17.54,30.63,3.08,5.30,8.38,0.00,0.00,0.00,97.67,0.00,36.96,33.43,0.00
462,Alexey Toropchenko,STL,F,50.00,306.76,-374.51,84.00,7.60,10.41,18.01,0.00,0.00,0.00,0.47,0.13,0.59,79.48,0.00,63.81,168.33,0.00
463,Freddy Gaudreau,SEA,F,50.00,306.59,-374.68,84.00,8.81,18.94,27.76,0.00,0.00,0.00,0.17,0.27,0.44,96.15,0.00,67.12,48.54,0.00
464,Wyatt Kaiser,CHI,D,50.00,305.64,-194.18,83.00,5.06,17.83,22.89,0.00,0.00,0.00,0.07,1.82,1.90,87.42,0.00,95.42,59.77,3.07
465,Nick Perbix,NSH,D,50.00,304.81,-195.01,84.00,4.51,16.97,21.49,0.00,0.00,0.00,0.03,1.17,1.20,81.89,0.00,110.47,51.34,0.00
466,Nicolas Roy,COL,F,50.00,304.61,-376.67,84.00,11.10,17.12,28.22,0.00,0.00,0.00,0.62,0.28,0.90,80.67,0.00,53.67,86.53,0.00
467,Simon Holmstrom,NYI,F,2.00,304.44,-376.84,84.00,14.03,18.36,32.40,0.00,0.00,0.00,1.33,1.04,2.38,91.09,0.00,52.90,23.80,0.00
468,Trent Frederic,EDM,F,1.00,304.09,-377.19,83.00,9.01,11.05,20.06,1.03,1.22,2.25,0.04,0.10,0.14,74.87,0.00,30.99,205.88,1.41
469,Tyson Hinds,ANA,D,50.00,303.89,-195.93,84.00,4.43,15.16,19.60,0.00,0.00,0.00,0.00,0.00,0.00,83.87,1.80,93.74,94.84,0.00
470,Alberts Smits,NYR,D,2.00,303.62,-196.20,83.00,4.31,15.14,19.45,0.00,0.00,0.00,0.00,0.00,0.00,80.71,0.88,90.88,107.30,1.42
471,Ondrej Palat,NYI,F,50.00,302.99,-378.29,84.00,8.52,11.40,19.92,0.00,0.00,0.00,0.05,0.27,0.32,79.38,1.12,68.76,132.16,0.00
472,Kaedan Korczak,PIT,D,50.00,302.83,-196.98,84.00,3.49,17.85,21.34,0.00,0.00,0.00,0.07,0.45,0.52,65.94,6.85,94.69,112.94,0.00
473,Braeden Bowman,VGK,F,50.00,302.18,-379.10,83.00,13.92,16.29,30.22,1.56,1.97,3.53,0.00,0.00,0.00,98.22,2.98,37.22,41.57,7.03
474,Denton Mateychuk,CBJ,D,8.00,300.72,-199.10,84.00,5.71,17.12,22.83,0.00,0.00,0.00,0.14,0.75,0.89,80.74,2.52,103.54,43.55,0.00
475,Brendan Gallagher,VAN,F,50.00,300.58,-380.70,83.00,11.23,12.17,23.40,1.59,1.69,3.28,0.00,0.00,0.00,101.71,0.90,36.65,99.50,1.54
476,Samuel Honzek,CGY,F,50.00,299.59,-381.68,84.00,10.22,11.94,22.16,0.00,0.00,0.00,0.52,0.00,0.44,101.53,1.37,32.92,132.42,0.00
477,Ian Cole,CHI,D,1.00,299.18,-200.64,83.00,2.62,10.60,13.22,0.00,0.00,0.00,0.01,1.54,1.55,49.52,2.16,154.66,83.63,5.41
478,Gage Goncalves,TBL,F,1.00,298.86,-382.42,84.00,10.89,16.79,27.68,1.30,2.55,3.85,0.00,0.00,0.00,81.40,5.51,36.34,98.08,0.00
479,Michael Rasmussen,DET,F,50.00,297.18,-384.10,84.00,9.72,10.88,20.59,0.00,0.00,0.00,0.87,0.97,1.84,83.64,0.00,71.45,97.32,0.00
480,Liam O'Brien,UTA,F,50.00,297.05,-384.23,84.00,7.07,6.88,13.95,0.00,0.00,0.00,0.00,0.06,0.06,74.05,0.00,39.04,242.90,0.00
481,Jonatan Berggren,STL,F,50.00,296.76,-384.52,84.00,11.43,18.17,29.59,0.00,0.00,0.00,0.01,0.00,0.01,99.42,0.00,31.50,69.10,0.00
482,Ryan Graves,PIT,D,50.00,295.83,-203.99,73.00,4.13,13.35,17.48,0.00,0.00,0.00,0.02,1.43,1.45,83.16,2.02,100.63,84.36,0.00
483,Nick Jensen,ANA,D,50.00,295.72,-204.10,84.00,4.23,18.65,22.88,0.20,0.65,0.85,0.02,1.37,1.39,75.19,2.14,96.59,59.55,0.00
484,Tim Washe,ANA,F,50.00,295.49,-385.78,84.00,8.32,10.70,19.02,0.00,0.00,0.00,0.28,0.88,1.16,89.44,0.00,41.47,161.61,0.00
485,Eric Robinson,CAR,F,50.00,295.46,-385.82,83.00,11.65,13.09,24.74,0.00,0.00,0.00,0.42,0.43,0.85,90.71,4.31,30.36,122.38,1.45
486,Theodor Blueger,TOR,F,50.00,294.21,-387.07,83.00,8.29,14.34,22.63,0.00,0.00,0.00,1.10,0.86,1.96,75.43,0.00,52.55,133.38,1.42
487,Roger McQueen,ANA,F,1.00,294.03,-387.25,84.00,11.74,16.54,28.28,0.00,0.00,0.00,0.00,0.00,0.00,109.67,0.48,34.27,48.87,0.00
488,Mason Appleton,DET,F,50.00,293.45,-387.83,84.00,8.47,14.23,22.71,0.00,0.00,0.00,0.46,0.32,0.78,94.28,0.00,45.49,110.64,0.00
489,Joel Armia,LAK,F,50.00,292.54,-388.74,84.00,9.92,14.13,24.05,0.00,0.00,0.00,1.21,0.88,2.09,96.42,0.00,46.17,87.10,0.00
490,Dominic James,TBL,F,50.00,290.47,-390.81,79.00,10.82,14.24,25.06,1.20,1.92,3.13,0.00,0.00,0.00,92.09,1.64,28.17,102.61,0.00
491,Theo Lindstein,STL,D,50.00,290.00,-209.81,84.00,5.04,15.50,20.53,0.00,0.00,0.00,0.02,0.13,0.16,87.38,1.73,84.85,68.63,0.00
492,Jalen Chatfield,CAR,D,1.00,288.31,-211.50,83.00,4.93,15.55,20.48,0.00,0.00,0.00,0.14,2.31,2.46,90.63,4.44,86.82,56.26,1.48
493,Anthony Duclair,NYI,F,1.00,288.28,-393.00,84.00,12.23,15.30,27.53,2.25,2.64,4.88,0.00,0.00,0.00,91.07,0.00,48.41,27.12,0.00
494,Michael Kesselring,SJS,D,1.00,288.14,-211.68,84.00,5.38,12.66,18.03,0.00,0.00,0.00,0.01,0.33,0.34,104.41,1.35,74.54,73.46,0.00
495,Yanni Gourde,TBL,F,50.00,287.93,-393.35,58.00,9.46,17.66,27.12,0.77,1.39,2.16,0.51,0.60,1.11,88.10,2.48,32.31,89.28,0.00
496,Shakir Mukhamadullin,EDM,D,50.00,287.87,-211.94,83.00,4.01,14.67,18.68,0.00,0.00,0.00,0.00,1.33,1.33,71.88,0.00,105.67,69.51,1.27
497,Nick Lardis,CHI,F,1.00,287.71,-393.57,83.00,10.94,13.30,24.24,1.64,1.99,3.63,0.00,0.00,0.00,90.96,0.00,27.09,105.29,0.82
498,Oliver Moore,CHI,F,1.00,286.70,-394.58,83.00,11.20,18.05,29.25,0.27,0.46,0.73,0.01,0.03,0.04,102.98,0.00,28.51,49.26,0.77
499,Conor Sheary,BUF,F,50.00,284.83,-396.45,82.00,10.58,15.83,26.42,0.00,0.00,0.00,0.22,0.26,0.47,96.82,0.51,51.17,39.40,0.00
500,Carter Yakemchuk,OTT,D,6.00,281.65,-218.17,84.00,4.84,15.43,20.27,1.61,5.21,6.82,0.00,0.00,0.00,81.61,0.56,70.80,65.96,0.00
501,Max Sasson,VAN,F,50.00,279.47,-401.81,83.00,11.96,14.52,26.48,0.00,0.00,0.00,0.00,0.00,0.00,97.83,0.00,39.73,43.73,2.87
502,Ryan Lindgren,SEA,D,50.00,279.23,-220.59,84.00,3.52,10.88,14.41,0.00,0.00,0.00,0.10,1.68,1.78,65.11,0.00,121.40,69.10,0.00
503,Connor Brown,NJD,F,1.00,279.09,-402.19,84.00,10.08,15.85,25.93,0.00,0.00,0.00,1.35,1.08,2.43,100.36,0.00,46.18,37.37,0.00
504,Kailer Yamamoto,UTA,F,50.00,278.74,-402.54,84.00,11.46,14.91,26.37,1.31,2.48,3.79,0.11,0.00,0.08,83.86,3.62,33.10,68.31,0.00
505,Ryker Evans,SEA,D,50.00,277.49,-222.33,84.00,3.49,14.43,17.92,0.00,0.00,0.00,0.05,0.57,0.62,64.33,0.00,98.93,84.00,0.00
506,Adam Wilsby,NSH,D,50.00,275.18,-224.64,84.00,4.93,16.09,21.02,0.00,0.00,0.00,0.25,0.59,0.84,79.56,0.81,82.55,54.14,0.00
507,Trevor Connelly,VGK,F,1.00,274.82,-406.46,83.00,11.02,13.51,24.53,0.00,0.00,0.00,0.00,0.00,0.00,102.19,0.58,24.77,75.81,1.85
508,Noah Ostlund,BUF,F,1.00,274.18,-407.09,84.00,11.34,20.10,31.45,0.19,0.29,0.48,0.00,0.01,0.01,86.62,1.94,36.10,21.37,0.00
509,Trevor van Riemsdyk,PIT,D,50.00,274.00,-225.82,84.00,3.35,16.39,19.74,0.00,0.00,0.00,0.25,1.32,1.57,64.81,2.81,118.56,22.91,0.00
510,Marat Khusnutdinov,BOS,F,50.00,271.78,-409.50,83.00,10.29,15.41,25.69,0.00,0.00,0.00,0.34,0.60,0.93,80.60,0.00,49.66,52.46,2.77
511,Nils Lundkvist,DAL,D,50.00,271.73,-228.08,84.00,4.26,16.34,20.59,0.00,0.00,0.00,0.00,0.12,0.12,82.90,1.88,79.86,52.76,0.00
512,Dmitry Kulikov,FLA,D,50.00,271.36,-228.46,83.00,3.03,11.92,14.94,0.00,0.00,0.00,0.17,2.02,2.19,55.48,0.72,92.53,126.13,1.48
513,Alex Bump,PHI,F,50.00,270.75,-410.53,84.00,10.68,13.02,23.70,0.00,0.00,0.00,0.00,0.00,0.00,91.11,0.01,31.04,83.07,0.00
514,Ryan Ufko,NSH,D,1.00,270.66,-229.16,84.00,4.33,17.34,21.68,1.06,4.57,5.63,0.00,0.00,0.00,71.50,0.00,67.57,64.22,0.00
515,Tom Willander,VAN,D,50.00,269.92,-229.90,83.00,3.76,15.79,19.55,0.00,0.00,0.00,0.00,0.42,0.42,78.36,0.00,88.49,50.40,1.56
516,Olli Maatta,MIN,D,50.00,269.48,-230.34,84.00,3.92,15.66,19.58,0.00,0.00,0.00,0.05,1.22,1.27,59.35,0.00,117.04,25.69,0.00
517,Sandis Vilmanis,FLA,F,50.00,268.51,-412.77,83.00,9.14,10.23,19.37,0.00,0.00,0.00,0.00,0.01,0.01,89.75,1.56,26.73,130.45,1.44
518,Paul Cotter,VAN,F,50.00,267.25,-414.02,83.00,8.11,8.05,16.16,0.00,0.00,0.00,0.04,0.00,0.04,66.57,0.00,26.55,199.81,1.40
519,Colin Blackwell,DAL,F,50.00,265.86,-415.42,84.00,8.10,9.74,17.84,0.00,0.00,0.00,1.20,0.56,1.76,83.10,0.00,40.39,126.24,0.00
520,Alec Regula,EDM,D,50.00,264.78,-235.04,82.00,3.78,13.90,17.68,0.00,0.00,0.00,0.00,2.34,2.34,69.45,0.00,93.58,60.88,0.00
521,Brian Dumoulin,LAK,D,50.00,264.54,-235.28,84.00,3.40,16.39,19.79,0.00,0.00,0.00,0.15,1.53,1.69,64.06,0.61,95.37,51.12,0.00
522,Adam Edstrom,NSH,F,50.00,264.10,-417.18,84.00,8.18,8.34,16.52,0.00,0.00,0.00,0.00,0.00,0.00,68.17,0.00,48.11,144.37,0.00
523,Matt Grzelcyk,BUF,D,50.00,263.32,-236.49,84.00,3.86,17.15,21.01,0.00,0.00,0.00,0.02,0.66,0.68,79.42,0.00,79.04,42.05,0.00
524,Reid Schaefer,NSH,F,50.00,259.70,-421.58,84.00,6.77,8.62,15.39,0.00,0.00,0.00,0.00,0.00,0.00,71.01,0.00,38.34,164.66,0.00
525,Cameron Crotty,OTT,D,50.00,259.44,-240.38,84.00,3.57,12.37,15.94,0.00,0.00,0.00,0.00,3.12,3.12,70.07,1.43,88.09,74.74,0.00
526,Radek Faksa,DAL,F,50.00,258.73,-422.55,84.00,6.77,10.06,16.83,0.00,0.00,0.00,0.84,0.52,1.36,67.25,0.00,60.85,112.96,0.00
527,Axel Sandin-Pellikka,DET,D,2.00,258.09,-241.72,84.00,4.51,14.62,19.13,1.28,4.31,5.59,0.00,0.06,0.06,76.97,0.00,73.42,37.38,0.00
528,Jonathan Lekkerimaki,VAN,F,50.00,257.68,-423.60,83.00,10.26,12.02,22.28,2.19,2.97,5.17,0.00,0.00,0.00,88.18,0.00,25.85,65.02,7.69
529,Fedor Svechkov,COL,F,50.00,256.83,-424.45,84.00,9.34,12.53,21.87,0.00,0.00,0.00,0.07,0.07,0.14,80.88,0.00,41.07,73.58,0.00
530,Tristan Luneau,ANA,D,1.00,256.47,-243.35,84.00,4.24,13.96,18.19,0.87,2.80,3.67,0.00,0.04,0.04,77.26,1.27,64.13,68.43,0.00
531,Berkly Catton,SEA,F,1.00,255.97,-425.31,84.00,11.60,12.98,24.57,0.00,0.00,0.00,0.00,0.00,0.00,94.13,0.00,38.08,23.39,0.00
532,Matt Savoie,EDM,F,10.00,255.34,-425.94,57.00,11.96,14.41,26.37,1.05,1.18,2.22,0.57,0.75,1.31,93.56,0.00,28.17,18.22,0.00
533,Nikita Klepov,ANA,F,1.00,254.39,-426.89,84.00,10.12,11.91,22.03,0.00,0.00,0.00,0.00,0.00,0.00,97.04,0.48,34.27,48.87,0.00
534,Kevin Stenlund,UTA,F,50.00,253.50,-427.78,84.00,7.64,11.35,18.98,0.00,0.00,0.00,1.00,0.45,1.45,76.48,0.00,65.15,56.64,0.00
535,Justin Barron,STL,D,50.00,253.34,-246.48,84.00,4.86,11.23,16.10,0.00,0.00,0.00,0.08,0.49,0.57,62.31,0.00,88.89,68.54,0.00
536,Dante Fabbro,CBJ,D,50.00,252.85,-246.97,72.00,2.79,10.56,13.36,0.00,0.00,0.00,0.03,1.14,1.17,58.76,0.00,108.59,64.72,0.00
537,William Carrier,CAR,F,50.00,252.72,-428.55,83.00,6.35,8.31,14.66,0.00,0.00,0.00,0.03,0.00,0.03,57.36,6.90,29.72,200.10,0.00
538,Cody Ceci,LAK,D,50.00,251.95,-247.87,84.00,2.37,12.11,14.48,0.00,0.00,0.00,0.02,1.86,1.88,57.07,0.00,111.66,52.52,0.00
539,Jesper Boqvist,NJD,F,50.00,250.23,-431.05,84.00,6.74,9.28,16.02,0.00,0.00,0.00,0.52,0.23,0.75,66.85,0.00,34.62,155.77,0.00
540,Arber Xhekaj,MTL,D,2.00,249.49,-250.33,83.00,2.21,8.21,10.42,0.00,0.00,0.00,0.05,0.39,0.44,51.64,0.00,58.82,196.21,1.66
541,Zach Bogosian,MIN,D,50.00,247.20,-252.62,84.00,2.66,11.18,13.84,0.00,0.00,0.00,0.01,0.58,0.60,63.41,0.00,80.72,97.52,0.00
542,Barclay Goodrow,SJS,F,50.00,244.10,-437.18,84.00,5.01,7.25,12.26,0.00,0.00,0.00,0.84,0.60,1.44,54.76,0.00,61.07,149.38,0.00
543,Ville Koivunen,PIT,F,50.00,242.54,-438.73,84.00,8.89,16.08,24.97,0.06,0.11,0.18,0.00,0.00,0.00,86.56,2.93,32.84,27.57,0.00
544,Brad Lambert,WPG,F,50.00,242.26,-439.01,84.00,8.28,11.89,20.17,1.72,3.15,4.87,0.00,0.00,0.00,83.03,0.00,23.60,73.93,0.00
545,Isaac Howard,EDM,F,2.00,240.18,-441.09,83.00,10.07,12.13,22.20,0.07,0.12,0.19,0.00,0.00,0.00,99.17,0.00,22.79,37.58,0.87
546,Maksim Tsyplakov,CGY,F,50.00,238.97,-442.31,84.00,7.66,8.16,15.83,0.00,0.00,0.00,0.00,0.00,0.00,77.61,0.00,23.53,133.93,0.00
547,Dmitri Simashev,UTA,D,50.00,238.66,-261.15,84.00,3.27,12.52,15.78,0.00,0.00,0.00,0.00,0.00,0.00,61.60,0.00,82.66,61.78,0.00
548,Nate Danielson,DET,F,50.00,233.58,-447.70,84.00,8.71,11.18,19.89,2.06,3.13,5.19,0.00,0.00,0.00,87.38,0.00,26.40,42.34,0.00
549,Logan O'Connor,COL,F,50.00,233.32,-447.96,83.00,8.43,10.05,18.47,0.00,0.00,0.00,1.70,0.41,2.11,72.45,2.85,41.16,72.41,0.00
550,Charles Alexis Legault,CAR,D,50.00,233.10,-266.71,83.00,2.89,10.48,13.37,0.00,0.00,0.00,0.02,1.88,1.90,56.02,0.73,79.95,86.98,1.43
551,Matthew Poitras,BOS,F,50.00,231.84,-449.44,81.00,9.21,13.83,23.04,0.00,0.00,0.00,0.00,0.00,0.00,83.64,0.85,27.96,36.05,0.00
552,Rasmus Sandin,WSH,D,1.00,226.89,-272.92,50.00,3.28,13.62,16.89,0.00,0.00,0.00,0.06,0.50,0.56,50.55,0.00,78.62,57.30,0.00
553,Mark Jankowski,CAR,F,50.00,226.04,-455.24,83.00,9.45,8.52,17.97,0.00,0.00,0.00,0.76,0.24,1.00,66.13,7.46,48.77,53.92,0.00
554,Lars Eller,FLA,F,50.00,220.52,-460.76,83.00,6.75,9.68,16.43,0.00,0.00,0.00,0.82,0.72,1.53,74.32,0.54,43.85,61.10,1.61
555,Jake O'Brien,SEA,F,1.00,213.84,-467.44,81.00,7.97,9.79,17.75,0.00,0.00,0.00,0.00,0.00,0.00,78.10,0.47,33.04,47.13,0.00
556,Oskar Bäck,DAL,F,50.00,205.68,-475.60,84.00,7.90,9.73,17.63,0.00,0.00,0.00,0.57,0.69,1.26,58.71,0.93,46.29,40.45,0.00
557,Isak Rosen,WPG,F,50.00,205.45,-475.83,84.00,7.59,9.87,17.46,0.00,0.00,0.00,0.00,0.00,0.00,71.17,0.00,32.69,47.39,0.00
558,Max Domi,TOR,F,1.00,205.28,-476.00,60.00,6.87,15.16,22.03,0.00,0.00,0.00,0.00,0.00,0.00,68.26,0.00,25.15,33.64,0.00
559,Anton Johansson,DET,D,50.00,200.07,-299.74,84.00,3.55,14.15,17.70,0.00,0.00,0.00,0.00,0.00,0.00,70.52,0.48,34.27,48.87,0.00
560,T.J. Hughes,COL,F,1.00,199.16,-482.12,84.00,6.47,12.02,18.49,0.00,0.00,0.00,0.00,0.00,0.00,59.52,0.48,34.27,48.87,0.00
561,Dillon Dube,STL,F,50.00,188.72,-492.55,84.00,5.52,8.79,14.31,0.00,0.00,0.00,0.10,0.26,0.36,68.61,0.48,34.27,48.87,0.00
562,Andrew Mangiapane,CHI,F,1.00,186.57,-494.71,83.00,5.32,7.58,12.91,0.00,0.00,0.00,0.27,0.06,0.33,38.56,0.00,45.29,88.60,1.49
563,Raphael Lavoie,VGK,F,50.00,185.21,-496.07,83.00,5.29,6.49,11.78,0.00,0.00,0.00,0.00,0.00,0.00,63.78,0.36,19.25,101.72,0.00
564,Taylor Ward,LAK,F,50.00,182.71,-498.57,83.00,5.47,6.73,12.19,0.00,0.00,0.00,0.00,0.00,0.00,66.14,0.57,22.48,81.98,0.00
565,Jack Thompson,VAN,D,50.00,180.24,-319.57,78.00,3.67,10.05,13.72,0.00,0.00,0.00,0.01,0.32,0.33,70.58,0.45,31.82,45.38,0.00
566,Owen Michaels,EDM,F,50.00,179.34,-501.94,83.00,6.27,7.65,13.92,0.00,0.00,0.00,0.00,0.00,0.00,67.32,0.44,21.97,57.13,1.40
567,Tyrel Bauer,WPG,D,50.00,176.71,-323.10,84.00,3.18,10.97,14.15,0.00,0.00,0.00,0.00,0.00,0.00,61.17,0.48,34.27,48.87,0.00
568,Isac Lundeström,CBJ,F,50.00,176.59,-504.69,69.00,5.60,9.13,14.73,0.00,0.00,0.00,0.86,0.14,1.01,48.79,0.00,41.05,43.08,0.00
569,Matt Rempe,NYR,F,50.00,167.23,-514.05,51.00,4.10,3.66,7.77,0.00,0.00,0.00,0.00,0.00,0.00,39.22,0.00,15.78,153.72,1.41
570,Akil Thomas,VAN,F,50.00,166.82,-514.46,78.00,4.91,7.68,12.60,0.00,0.00,0.00,0.00,0.03,0.03,57.89,0.45,31.82,45.38,0.00
571,Judd Caulfield,ANA,F,50.00,165.22,-516.06,84.00,4.44,10.21,14.65,0.00,0.00,0.00,0.00,0.00,0.00,43.35,0.48,34.27,48.87,0.00
572,Luca Del Bel Belluz,CBJ,F,50.00,163.99,-517.29,84.00,5.18,7.75,12.93,0.00,0.00,0.00,0.00,0.00,0.00,58.06,0.00,33.14,33.06,0.00
573,Patrick Giles,SJS,F,50.00,162.51,-518.77,83.00,4.13,5.63,9.77,0.00,0.00,0.00,0.00,1.53,1.53,52.69,0.00,28.94,77.62,0.00
574,Cody Glass,NJD,F,50.00,161.14,-520.14,49.00,6.20,6.78,12.98,0.00,0.00,0.00,0.18,0.01,0.19,55.98,0.00,29.97,32.93,0.00
575,Bokondji Imama,FLA,F,50.00,156.53,-524.74,83.00,2.85,2.36,5.22,0.00,0.00,0.00,0.00,0.00,0.00,41.19,1.19,19.88,146.00,1.40
576,Stephen Halliday,OTT,F,50.00,142.18,-539.09,84.00,4.12,3.49,7.61,0.47,0.79,1.26,0.00,0.00,0.00,50.84,1.06,19.33,71.83,0.00
577,Vincent Desharnais,WSH,D,50.00,133.14,-366.67,34.00,0.96,4.70,5.67,0.00,0.00,0.00,0.00,0.90,0.90,23.12,0.62,54.88,65.73,0.00
578,Colton Dach,EDM,F,1.00,131.52,-549.75,26.00,4.14,4.77,8.91,0.50,0.61,1.11,0.00,0.00,0.00,34.60,0.00,11.57,85.28,0.87
579,Nick Bjugstad,NJD,F,50.00,112.15,-569.13,35.00,3.44,3.57,7.01,0.00,0.00,0.00,0.26,0.16,0.42,35.00,0.00,17.40,56.66,0.00
580,Anthony-John (AJ) Greer,ANA,F,50.00,108.19,-573.08,23.00,3.50,4.65,8.15,0.00,0.00,0.00,0.06,0.07,0.13,29.58,0.75,12.34,59.22,0.00
581,Adam Sykora,NYR,F,50.00,102.56,-578.72,32.00,3.43,3.93,7.36,0.00,0.00,0.00,0.00,0.00,0.00,32.43,0.00,15.35,43.42,0.00
582,Conor Geekie,TBL,F,50.00,88.64,-592.64,26.00,2.89,3.24,6.13,0.39,0.57,0.96,0.00,0.00,0.00,22.43,0.00,10.32,51.84,0.00
583,Brandon Duhaime,TOR,F,50.00,72.88,-608.40,23.00,1.73,2.06,3.79,0.00,0.00,0.00,0.17,0.10,0.27,17.24,0.00,15.00,47.43,1.52
584,Cole Smith,CHI,F,50.00,70.66,-610.62,16.00,2.15,2.47,4.61,0.00,0.00,0.00,0.17,0.17,0.35,19.95,0.00,8.44,43.02,2.85
585,Tyler Kleven,OTT,D,50.00,54.55,-445.27,13.00,0.57,2.61,3.18,0.00,0.00,0.00,0.01,0.20,0.21,14.17,0.61,16.83,22.26,0.00
586,Garnet Hathaway,FLA,F,1.00,51.26,-630.02,13.00,0.88,0.88,1.76,0.00,0.00,0.00,0.06,0.09,0.16,9.04,0.13,10.60,47.40,1.53
587,Declan Carlile,PIT,D,50.00,37.39,-462.43,11.00,0.56,1.87,2.43,0.00,0.00,0.00,0.00,0.08,0.08,9.82,0.19,11.09,13.24,0.00
588,Emil Andrae,CBJ,D,50.00,34.86,-464.95,12.00,0.47,1.72,2.19,0.00,0.00,0.00,0.00,0.01,0.01,7.37,0.42,11.82,13.40,0.00
589,Mikael Pyyhtia,CBJ,F,50.00,33.19,-648.09,14.00,1.07,1.59,2.67,0.00,0.00,0.00,0.08,0.00,0.08,11.34,0.00,7.10,6.13,0.00
590,Nicolas Deslauriers,CAR,F,50.00,29.92,-651.36,11.00,0.35,0.47,0.81,0.00,0.00,0.00,0.00,0.00,0.00,4.22,0.01,3.21,37.93,0.00
591,Connor Clifton,BOS,D,1.00,28.81,-471.00,5.00,0.36,1.30,1.65,0.00,0.00,0.00,0.01,0.15,0.16,6.39,0.14,7.68,16.08,1.47
592,Beck Malenstyn,BUF,F,1.00,28.28,-652.99,7.00,0.56,0.68,1.23,0.00,0.00,0.00,0.04,0.05,0.09,6.00,0.00,5.79,22.11,0.00
593,Alex Formenton,EDM,F,1.00,25.65,-655.63,4.00,1.08,1.88,2.96,0.00,0.00,0.00,0.00,0.00,0.00,7.28,0.08,1.90,6.40,4.19
594,Shayne Gostisbehere,CAR,D,94.00,25.03,-474.79,4.00,0.58,1.77,2.36,0.32,0.97,1.29,0.00,0.00,0.00,7.37,0.44,3.97,2.45,0.77
595,Jayden Struble,MTL,D,50.00,23.09,-476.73,8.00,0.26,1.16,1.42,0.00,0.00,0.00,0.00,0.04,0.04,4.01,0.13,5.62,15.35,1.48
596,Linus Karlsson,VAN,F,50.00,20.02,-661.26,5.00,0.91,0.96,1.87,0.00,0.00,0.00,0.00,0.00,0.00,6.90,0.00,1.83,5.35,3.35
597,Luke Schenn,VAN,D,1.00,18.87,-480.95,5.00,0.12,0.51,0.62,0.00,0.00,0.00,0.00,0.11,0.11,3.56,0.00,5.47,14.95,1.58
598,Adam Klapka,CGY,F,1.00,18.01,-663.27,4.00,0.46,0.48,0.94,0.00,0.00,0.00,0.00,0.00,0.00,4.36,0.00,2.55,13.68,0.00
599,Daemon Hunt,MIN,D,50.00,17.37,-482.45,7.00,0.17,0.76,0.93,0.00,0.00,0.00,0.00,0.03,0.03,3.87,0.00,7.14,5.37,0.00
600,Jansen Harkins,TBL,F,50.00,15.25,-666.02,5.00,0.32,0.48,0.80,0.00,0.00,0.00,0.03,0.04,0.07,3.64,0.00,2.25,11.75,0.00
601,Nikolas Matinpalo,OTT,D,50.00,12.85,-486.97,4.00,0.16,0.58,0.74,0.00,0.00,0.00,0.00,0.04,0.05,3.44,0.09,4.42,4.13,0.00
602,Filip Hallander,PIT,F,50.00,11.74,-669.54,3.00,0.49,0.64,1.13,0.00,0.00,0.00,0.10,0.00,0.09,4.35,0.00,1.31,2.00,0.00
603,Max Jones,EDM,F,50.00,11.67,-669.61,3.00,0.42,0.43,0.85,0.05,0.08,0.13,0.00,0.00,0.00,3.37,0.02,0.79,6.73,1.38
604,Zack MacEwen,TOR,F,50.00,11.59,-669.69,7.00,0.24,0.08,0.32,0.00,0.00,0.00,0.00,0.00,0.00,3.67,0.06,1.61,9.82,0.00
605,Nick Cousins,OTT,F,50.00,7.27,-674.01,2.00,0.19,0.28,0.47,0.00,0.00,0.00,0.00,0.00,0.00,2.04,0.12,1.13,4.10,0.00
606,Hendrix Lapierre,PIT,F,50.00,7.19,-674.08,3.00,0.29,0.35,0.63,0.00,0.00,0.00,0.00,0.00,0.00,2.38,0.08,1.03,1.84,0.00
607,Casey Cizikas,NYI,F,50.00,0.00,-681.28,0.00,0.00,0.00,0.00,0.00,0.00,0.00,0.00,0.00,0.00,0.00,0.00,0.00,0.00,0.00
608,Sam Carrick,BUF,F,50.00,0.00,-681.28,0.00,0.00,0.00,0.00,0.00,0.00,0.00,0.00,0.00,0.00,0.00,0.00,0.00,0.00,0.00
609,Erik Gustafsson,LAK,D,50.00,0.00,-499.82,0.00,0.00,0.00,0.00,0.00,0.00,0.00,0.00,0.00,0.00,0.00,0.00,0.00,0.00,0.00
610,Vincent Hinostroza,COL,F,50.00,0.00,-681.28,0.00,0.00,0.00,0.00,0.00,0.00,0.00,0.00,0.00,0.00,0.00,0.00,0.00,0.00,0.00
611,Noah Juulsen,COL,D,50.00,0.00,-499.82,0.00,0.00,0.00,0.00,0.00,0.00,0.00,0.00,0.00,0.00,0.00,0.00,0.00,0.00,0.00
612,Ryan Shea,EDM,D,2.00,0.00,-499.82,0.00,0.00,0.00,0.00,0.00,0.00,0.00,0.00,0.00,0.00,0.00,0.00,0.00,0.00,1.67
613,Ryan Lomberg,CBJ,F,50.00,0.00,-681.28,0.00,0.00,0.00,0.00,0.00,0.00,0.00,0.00,0.00,0.00,0.00,0.00,0.00,0.00,0.00
614,Carl Grundstrom,PHI,F,50.00,0.00,-681.28,0.00,0.00,0.00,0.00,0.00,0.00,0.00,0.00,0.00,0.00,0.00,0.00,0.00,0.00,0.00
615,Mark Kastelic,BOS,F,4.00,0.00,-681.28,0.00,0.00,0.00,0.00,0.00,0.00,0.00,0.00,0.00,0.00,0.00,0.00,0.00,0.00,3.61
616,Parker Kelly,COL,F,1.00,0.00,-681.28,0.00,0.00,0.00,0.00,0.00,0.00,0.00,0.00,0.00,0.00,0.00,0.00,0.00,0.00,0.00
617,Connor Dewar,PIT,F,50.00,0.00,-681.28,0.00,0.00,0.00,0.00,0.00,0.00,0.00,0.00,0.00,0.00,0.00,0.00,0.00,0.00,0.00
618,Declan Chisholm,NJD,D,50.00,0.00,-499.82,0.00,0.00,0.00,0.00,0.00,0.00,0.00,0.00,0.00,0.00,0.00,0.00,0.00,0.00,0.00
619,Jake Christiansen,CBJ,D,50.00,0.00,-499.82,0.00,0.00,0.00,0.00,0.00,0.00,0.00,0.00,0.00,0.00,0.00,0.00,0.00,0.00,0.00
620,Blake Lizotte,PIT,F,50.00,0.00,-681.28,0.00,0.00,0.00,0.00,0.00,0.00,0.00,0.00,0.00,0.00,0.00,0.00,0.00,0.00,0.00
621,Alex Turcotte,LAK,F,50.00,0.00,-681.28,0.00,0.00,0.00,0.00,0.00,0.00,0.00,0.00,0.00,0.00,0.00,0.00,0.00,0.00,0.00
622,Andre Lee,LAK,F,50.00,0.00,-681.28,0.00,0.00,0.00,0.00,0.00,0.00,0.00,0.00,0.00,0.00,0.00,0.00,0.00,0.00,0.00
623,Samuel Helenius,LAK,F,50.00,0.00,-681.28,0.00,0.00,0.00,0.00,0.00,0.00,0.00,0.00,0.00,0.00,0.00,0.00,0.00,0.00,0.00
624,Ryan Winterton,SEA,F,50.00,0.00,-681.28,0.00,0.00,0.00,0.00,0.00,0.00,0.00,0.00,0.00,0.00,0.00,0.00,0.00,0.00,0.00
625,Zack Ostapchuk,SJS,F,50.00,0.00,-681.28,0.00,0.00,0.00,0.00,0.00,0.00,0.00,0.00,0.00,0.00,0.00,0.00,0.00,0.00,0.00
626,Arshdeep Bains,VAN,F,50.00,0.00,-681.28,0.00,0.00,0.00,0.00,0.00,0.00,0.00,0.00,0.00,0.00,0.00,0.00,0.00,0.00,1.47
627,Ben Meyers,SEA,F,50.00,0.00,-681.28,0.00,0.00,0.00,0.00,0.00,0.00,0.00,0.00,0.00,0.00,0.00,0.00,0.00,0.00,0.00
628,Nikita Grebenkin,PHI,F,50.00,0.00,-681.28,0.00,0.00,0.00,0.00,0.00,0.00,0.00,0.00,0.00,0.00,0.00,0.00,0.00,0.00,0.00
629,Zach Metsa,BUF,D,50.00,0.00,-499.82,0.00,0.00,0.00,0.00,0.00,0.00,0.00,0.00,0.00,0.00,0.00,0.00,0.00,0.00,0.00
630,Marc Gatcomb,VGK,F,50.00,0.00,-681.28,0.00,0.00,0.00,0.00,0.00,0.00,0.00,0.00,0.00,0.00,0.00,0.00,0.00,0.00,3.26